OrderID,CustomerID,OrderDate,Amount
3472,CUST0400,2025-06-30,1268.19
4214,CUST0476,2025-06-30,861.13
3084,CUST0356,2025-06-30,388.99
3104,CUST0359,2025-06-30,1421.27
848,CUST0092,2025-06-30,1700.44
3652,CUST0422,2025-06-30,1545.63
3038,CUST0352,2025-06-30,576.91
5086,CUST0595,2025-06-30,1436.39
2801,CUST0328,2025-06-30,756.03
4424,CUST0510,2025-06-30,575.22
622,CUST0071,2025-06-30,1226.55
4604,CUST0536,2025-06-30,559.83
3929,CUST0447,2025-06-30,1551.23
4926,CUST0578,2025-06-30,351.79
2639,CUST0309,2025-06-30,525.2
3078,CUST0356,2025-07-01,1121.78
1377,CUST0155,2025-07-01,1331.84
3101,CUST0359,2025-07-01,996.72
2023,CUST0230,2025-07-01,1083.25
2994,CUST0346,2025-07-01,1081.38
3926,CUST0446,2025-07-01,369.75
3515,CUST0406,2025-07-01,1211.96
4513,CUST0519,2025-07-01,854.95
3466,CUST0399,2025-07-01,1179.97
4422,CUST0509,2025-07-01,1275.62
3854,CUST0439,2025-07-01,825.04
1434,CUST0163,2025-07-01,1709.83
4263,CUST0484,2025-07-01,1544.02
2150,CUST0249,2025-07-01,1462.44
452,CUST0052,2025-07-01,582.76
4777,CUST0560,2025-07-01,972.19
456,CUST0053,2025-07-01,636.2
459,CUST0054,2025-07-01,1334.47
741,CUST0082,2025-07-01,838.49
2555,CUST0299,2025-07-01,576.27
2767,CUST0323,2025-07-01,1409.64
858,CUST0093,2025-07-01,1436.57
864,CUST0095,2025-07-01,319.9
2336,CUST0274,2025-07-01,1041.75
2759,CUST0322,2025-07-01,1444.29
3384,CUST0385,2025-07-01,1156.15
3385,CUST0386,2025-07-01,1754.43
852,CUST0092,2025-07-01,368.95
4153,CUST0468,2025-07-01,625.97
2783,CUST0325,2025-07-01,1041.51
4585,CUST0530,2025-07-02,253.47
443,CUST0051,2025-07-02,469.51
3631,CUST0419,2025-07-02,871.98
2299,CUST0268,2025-07-02,440.37
4420,CUST0508,2025-07-02,973.75
2149,CUST0249,2025-07-02,464.8
226,CUST0026,2025-07-02,419.05
1953,CUST0221,2025-07-02,1319.95
865,CUST0095,2025-07-02,1063.05
407,CUST0044,2025-07-02,923.52
1092,CUST0122,2025-07-02,827.93
4584,CUST0530,2025-07-02,719.68
444,CUST0051,2025-07-02,1067.78
308,CUST0036,2025-07-02,1721.38
1651,CUST0186,2025-07-02,1123.47
2204,CUST0258,2025-07-02,1748.48
1304,CUST0147,2025-07-02,322.73
334,CUST0039,2025-07-02,1116.86
665,CUST0074,2025-07-03,395.8
1657,CUST0187,2025-07-03,509.5
2096,CUST0241,2025-07-03,1681.7
4211,CUST0474,2025-07-03,1087.36
1070,CUST0117,2025-07-03,1722.29
823,CUST0089,2025-07-03,815.22
3412,CUST0390,2025-07-03,1045.73
1219,CUST0135,2025-07-03,895.05
450,CUST0052,2025-07-03,1875.96
451,CUST0052,2025-07-03,1888.54
1140,CUST0127,2025-07-03,1718.73
4782,CUST0561,2025-07-03,1703.64
1658,CUST0187,2025-07-03,1617.74
664,CUST0074,2025-07-03,1027.63
3647,CUST0421,2025-07-03,737.1
822,CUST0089,2025-07-03,1282.28
1241,CUST0140,2025-07-03,1056.04
2363,CUST0280,2025-07-03,831.82
4132,CUST0465,2025-07-03,1492.75
738,CUST0081,2025-07-03,642.31
4189,CUST0472,2025-07-03,1013.06
4253,CUST0482,2025-07-03,1394.25
2004,CUST0227,2025-07-04,1673.11
955,CUST0102,2025-07-04,992.08
4878,CUST0572,2025-07-04,660.71
4304,CUST0490,2025-07-04,1351.51
5092,CUST0597,2025-07-04,1407.03
3372,CUST0383,2025-07-04,365.22
2100,CUST0243,2025-07-04,1159.0
1797,CUST0204,2025-07-04,328.98
2086,CUST0239,2025-07-04,628.37
4507,CUST0518,2025-07-04,1314.87
2621,CUST0305,2025-07-04,384.76
2704,CUST0314,2025-07-04,1410.46
1585,CUST0179,2025-07-04,1290.16
3905,CUST0442,2025-07-04,703.33
2368,CUST0281,2025-07-04,1308.67
2199,CUST0257,2025-07-04,664.07
2209,CUST0258,2025-07-04,969.95
815,CUST0087,2025-07-04,1318.26
1345,CUST0151,2025-07-05,1053.2
2153,CUST0250,2025-07-05,1572.7
3042,CUST0353,2025-07-05,697.97
4419,CUST0508,2025-07-05,229.64
3407,CUST0389,2025-07-05,583.61
4701,CUST0548,2025-07-05,572.13
1898,CUST0212,2025-07-05,1843.63
4711,CUST0550,2025-07-05,912.55
1736,CUST0197,2025-07-05,411.88
1061,CUST0115,2025-07-05,711.22
3757,CUST0432,2025-07-05,1299.25
1636,CUST0184,2025-07-05,1450.58
447,CUST0052,2025-07-05,1333.44
2340,CUST0277,2025-07-05,1598.56
1755,CUST0200,2025-07-05,728.93
3814,CUST0436,2025-07-05,409.71
2286,CUST0266,2025-07-05,1077.0
4391,CUST0504,2025-07-06,452.33
4215,CUST0476,2025-07-06,401.69
2625,CUST0306,2025-07-06,1322.18
2003,CUST0227,2025-07-06,1553.05
4884,CUST0572,2025-07-06,394.48
1558,CUST0175,2025-07-06,1972.06
69,CUST0008,2025-07-06,1036.9
4303,CUST0490,2025-07-06,312.81
4586,CUST0530,2025-07-06,920.61
4168,CUST0470,2025-07-06,1345.86
594,CUST0068,2025-07-06,1454.15
4428,CUST0510,2025-07-06,1390.85
4437,CUST0511,2025-07-06,1110.03
966,CUST0105,2025-07-06,962.3
3756,CUST0432,2025-07-06,1785.04
2498,CUST0293,2025-07-06,228.27
1802,CUST0205,2025-07-06,1453.43
3517,CUST0406,2025-07-06,982.75
3700,CUST0428,2025-07-07,584.5
1656,CUST0187,2025-07-07,827.06
4451,CUST0514,2025-07-07,548.65
1665,CUST0190,2025-07-07,570.58
3141,CUST0368,2025-07-07,842.9
3933,CUST0448,2025-07-07,1467.48
4588,CUST0532,2025-07-07,1299.1
4416,CUST0507,2025-07-07,453.19
72,CUST0008,2025-07-07,803.11
3985,CUST0454,2025-07-07,926.67
5087,CUST0595,2025-07-07,1427.99
4170,CUST0470,2025-07-07,892.48
3442,CUST0394,2025-07-07,1449.86
2830,CUST0331,2025-07-07,830.96
3367,CUST0382,2025-07-07,682.85
2785,CUST0325,2025-07-08,747.5
2248,CUST0261,2025-07-08,1308.2
2640,CUST0309,2025-07-08,1228.62
3906,CUST0442,2025-07-08,1724.23
3848,CUST0438,2025-07-08,1659.0
4700,CUST0548,2025-07-08,1166.89
1756,CUST0200,2025-07-08,1410.01
1744,CUST0198,2025-07-08,1486.55
3451,CUST0396,2025-07-08,901.28
1413,CUST0160,2025-07-08,1475.06
4544,CUST0525,2025-07-08,796.81
5085,CUST0595,2025-07-08,697.87
617,CUST0071,2025-07-08,1224.83
3443,CUST0394,2025-07-08,1540.18
3755,CUST0432,2025-07-08,1334.96
2760,CUST0322,2025-07-08,666.29
1138,CUST0127,2025-07-08,630.15
2765,CUST0323,2025-07-08,1429.52
2284,CUST0265,2025-07-08,275.29
2174,CUST0253,2025-07-08,724.61
3925,CUST0446,2025-07-08,869.01
405,CUST0044,2025-07-08,1049.87
3634,CUST0420,2025-07-09,1649.62
4450,CUST0514,2025-07-09,999.96
463,CUST0056,2025-07-09,379.69
1749,CUST0199,2025-07-09,1037.7
2253,CUST0262,2025-07-09,1278.46
109,CUST0013,2025-07-09,1484.57
2099,CUST0242,2025-07-09,1055.29
3592,CUST0412,2025-07-09,1236.52
460,CUST0054,2025-07-09,496.37
455,CUST0053,2025-07-09,1176.53
2083,CUST0239,2025-07-09,1321.61
3851,CUST0439,2025-07-09,1590.11
1051,CUST0113,2025-07-09,1633.72
4243,CUST0481,2025-07-09,1376.58
2359,CUST0279,2025-07-09,1055.47
4608,CUST0536,2025-07-09,936.33
2614,CUST0304,2025-07-09,536.81
1089,CUST0122,2025-07-09,1642.21
1666,CUST0190,2025-07-09,1333.51
1634,CUST0183,2025-07-09,1683.07
4901,CUST0575,2025-07-09,592.46
1068,CUST0117,2025-07-09,1566.06
2331,CUST0272,2025-07-09,1132.97
671,CUST0076,2025-07-09,1984.91
4509,CUST0518,2025-07-09,764.81
2705,CUST0315,2025-07-09,1200.15
3450,CUST0396,2025-07-09,920.04
4927,CUST0578,2025-07-09,628.55
1914,CUST0215,2025-07-09,1613.54
4266,CUST0484,2025-07-10,1243.51
3000,CUST0347,2025-07-10,1269.32
4699,CUST0548,2025-07-10,840.9
3902,CUST0442,2025-07-10,1635.87
1758,CUST0201,2025-07-10,1843.15
3041,CUST0353,2025-07-10,1609.39
4154,CUST0468,2025-07-10,1027.44
593,CUST0068,2025-07-10,1753.2
3936,CUST0448,2025-07-10,1244.7
1746,CUST0198,2025-07-10,498.62
3919,CUST0445,2025-07-10,1047.43
3328,CUST0379,2025-07-10,652.62
4394,CUST0505,2025-07-10,527.7
3142,CUST0368,2025-07-10,1372.32
4367,CUST0500,2025-07-11,1745.76
5091,CUST0597,2025-07-11,1525.14
2156,CUST0250,2025-07-11,348.34
1940,CUST0218,2025-07-11,392.59
614,CUST0070,2025-07-11,515.95
2706,CUST0315,2025-07-11,1064.35
3502,CUST0402,2025-07-11,1300.99
224,CUST0026,2025-07-11,1779.17
2932,CUST0337,2025-07-11,693.36
1069,CUST0117,2025-07-11,1737.0
2822,CUST0330,2025-07-11,1330.2
1584,CUST0179,2025-07-11,1309.34
2763,CUST0322,2025-07-11,1968.42
1638,CUST0184,2025-07-12,1105.94
2018,CUST0229,2025-07-12,329.86
1943,CUST0219,2025-07-12,830.72
2019,CUST0229,2025-07-12,1382.55
3456,CUST0397,2025-07-12,1499.05
4171,CUST0470,2025-07-12,624.98
3551,CUST0409,2025-07-12,1258.32
4882,CUST0572,2025-07-12,340.42
3593,CUST0413,2025-07-12,1199.91
4949,CUST0584,2025-07-12,825.18
2766,CUST0323,2025-07-12,1720.42
1652,CUST0186,2025-07-12,1272.39
4603,CUST0535,2025-07-12,469.54
4600,CUST0535,2025-07-12,1891.45
1053,CUST0114,2025-07-12,1497.8
2333,CUST0273,2025-07-13,399.08
1379,CUST0155,2025-07-13,794.38
4663,CUST0545,2025-07-13,1021.47
3120,CUST0365,2025-07-13,1013.91
307,CUST0036,2025-07-13,568.09
813,CUST0087,2025-07-13,1754.68
18,CUST0003,2025-07-13,1574.35
4216,CUST0476,2025-07-13,1692.55
1062,CUST0116,2025-07-13,321.98
3518,CUST0406,2025-07-13,1678.75
4127,CUST0463,2025-07-13,426.22
1064,CUST0116,2025-07-13,1074.52
1748,CUST0199,2025-07-13,513.99
954,CUST0102,2025-07-13,776.57
3369,CUST0382,2025-07-13,1338.63
4418,CUST0508,2025-07-14,640.89
3655,CUST0422,2025-07-14,1882.74
2031,CUST0231,2025-07-14,873.46
668,CUST0075,2025-07-14,1997.19
1703,CUST0193,2025-07-14,1624.61
1415,CUST0160,2025-07-14,1740.56
2610,CUST0304,2025-07-14,549.23
310,CUST0036,2025-07-14,871.56
4953,CUST0584,2025-07-14,1728.45
1752,CUST0200,2025-07-14,1225.39
1310,CUST0147,2025-07-14,413.16
3138,CUST0368,2025-07-14,1644.07
1511,CUST0171,2025-07-14,1556.41
4537,CUST0524,2025-07-15,791.91
4599,CUST0535,2025-07-15,1958.47
3463,CUST0399,2025-07-15,1005.78
1945,CUST0219,2025-07-15,1381.32
3505,CUST0404,2025-07-15,1182.15
1655,CUST0187,2025-07-15,474.07
744,CUST0082,2025-07-15,643.43
4390,CUST0504,2025-07-15,763.9
2622,CUST0305,2025-07-15,1940.38
4592,CUST0533,2025-07-15,1420.75
4531,CUST0522,2025-07-15,2013.74
3436,CUST0394,2025-07-15,1611.67
2328,CUST0272,2025-07-15,1747.15
4449,CUST0514,2025-07-15,204.21
2249,CUST0262,2025-07-15,293.53
3591,CUST0412,2025-07-15,277.32
1637,CUST0184,2025-07-15,1316.35
1792,CUST0203,2025-07-15,1534.59
1586,CUST0179,2025-07-15,274.86
2641,CUST0309,2025-07-15,1750.58
2151,CUST0249,2025-07-15,1216.52
4510,CUST0519,2025-07-15,1791.12
1048,CUST0113,2025-07-15,1241.53
2252,CUST0262,2025-07-16,839.97
1054,CUST0114,2025-07-16,821.07
3379,CUST0385,2025-07-16,1934.41
1949,CUST0221,2025-07-16,1418.12
4589,CUST0533,2025-07-16,1663.11
857,CUST0093,2025-07-16,903.11
3139,CUST0368,2025-07-16,1081.1
1402,CUST0158,2025-07-16,770.92
3638,CUST0420,2025-07-16,1076.8
4591,CUST0533,2025-07-16,789.63
2764,CUST0323,2025-07-16,1899.5
4717,CUST0552,2025-07-16,1398.12
3033,CUST0350,2025-07-16,1557.11
4250,CUST0482,2025-07-16,340.32
1141,CUST0128,2025-07-16,1022.17
1067,CUST0117,2025-07-16,1769.91
3650,CUST0422,2025-07-16,1694.47
2330,CUST0272,2025-07-16,1110.73
1635,CUST0183,2025-07-16,215.5
4423,CUST0509,2025-07-16,1779.47
2784,CUST0325,2025-07-16,1621.83
4400,CUST0505,2025-07-16,1503.37
1801,CUST0205,2025-07-17,821.85
4217,CUST0476,2025-07-17,1321.31
3140,CUST0368,2025-07-17,1735.35
71,CUST0008,2025-07-17,1506.56
3856,CUST0439,2025-07-17,394.77
2098,CUST0242,2025-07-17,1615.17
2097,CUST0241,2025-07-17,1745.33
2807,CUST0329,2025-07-17,2181.81
4705,CUST0550,2025-07-17,1784.75
3077,CUST0356,2025-07-17,1719.33
3639,CUST0420,2025-07-17,1809.36
2619,CUST0305,2025-07-17,1945.96
549,CUST0063,2025-07-17,292.45
2701,CUST0314,2025-07-17,379.22
2496,CUST0293,2025-07-17,1059.64
3930,CUST0448,2025-07-18,1381.93
1375,CUST0155,2025-07-18,1129.52
2557,CUST0299,2025-07-18,991.52
4415,CUST0507,2025-07-18,1152.57
748,CUST0082,2025-07-18,1800.11
4590,CUST0533,2025-07-18,1585.12
620,CUST0071,2025-07-18,1619.96
4373,CUST0501,2025-07-18,1327.0
3813,CUST0436,2025-07-18,1568.63
4607,CUST0536,2025-07-18,1776.33
2177,CUST0253,2025-07-18,1385.06
1930,CUST0217,2025-07-18,2204.13
4939,CUST0582,2025-07-18,742.54
1757,CUST0200,2025-07-18,1826.49
3082,CUST0356,2025-07-18,1760.03
3754,CUST0432,2025-07-18,357.2
2344,CUST0277,2025-07-18,1332.45
2281,CUST0265,2025-07-18,1034.48
3406,CUST0389,2025-07-18,1304.56
303,CUST0034,2025-07-18,604.01
4662,CUST0545,2025-07-18,686.73
1952,CUST0221,2025-07-18,722.52
2030,CUST0231,2025-07-18,507.2
4713,CUST0550,2025-07-18,1964.75
4448,CUST0513,2025-07-19,1275.03
415,CUST0046,2025-07-19,513.76
79,CUST0010,2025-07-19,1560.48
670,CUST0076,2025-07-19,1635.61
4267,CUST0484,2025-07-19,1323.69
2987,CUST0345,2025-07-19,426.41
3904,CUST0442,2025-07-19,1067.25
613,CUST0070,2025-07-19,585.11
1704,CUST0193,2025-07-19,1102.27
1654,CUST0186,2025-07-19,1547.64
4511,CUST0519,2025-07-19,1611.47
4945,CUST0584,2025-07-19,404.59
306,CUST0036,2025-07-19,1543.92
1414,CUST0160,2025-07-19,1954.75
1378,CUST0155,2025-07-19,1111.18
1561,CUST0175,2025-07-19,346.33
3454,CUST0397,2025-07-19,1146.89
3327,CUST0379,2025-07-19,1127.63
4609,CUST0537,2025-07-19,1039.89
3500,CUST0402,2025-07-19,1386.62
2173,CUST0253,2025-07-19,1676.23
3596,CUST0415,2025-07-19,1853.4
13,CUST0002,2025-07-19,534.96
2028,CUST0231,2025-07-20,1208.92
4897,CUST0574,2025-07-20,1215.99
4706,CUST0550,2025-07-20,760.81
2787,CUST0325,2025-07-20,334.99
4715,CUST0552,2025-07-20,776.74
3452,CUST0397,2025-07-20,1302.63
2495,CUST0293,2025-07-20,463.89
2152,CUST0250,2025-07-20,1396.83
814,CUST0087,2025-07-20,408.19
1892,CUST0212,2025-07-20,1549.54
3922,CUST0445,2025-07-20,1342.65
4262,CUST0484,2025-07-20,536.23
3519,CUST0406,2025-07-20,1130.28
3438,CUST0394,2025-07-20,604.03
417,CUST0046,2025-07-20,1545.93
2283,CUST0265,2025-07-20,1425.39
3455,CUST0397,2025-07-20,1624.75
621,CUST0071,2025-07-20,391.56
3413,CUST0391,2025-07-20,381.42
855,CUST0093,2025-07-20,1012.21
1936,CUST0217,2025-07-20,2087.89
1745,CUST0198,2025-07-21,1791.49
1437,CUST0163,2025-07-21,1287.19
1060,CUST0115,2025-07-21,1006.59
4721,CUST0555,2025-07-21,974.46
1087,CUST0121,2025-07-21,606.11
465,CUST0056,2025-07-21,1149.66
4435,CUST0511,2025-07-21,976.85
824,CUST0089,2025-07-21,620.28
466,CUST0056,2025-07-21,539.27
3507,CUST0404,2025-07-21,1772.13
4271,CUST0486,2025-07-21,1707.68
4405,CUST0506,2025-07-21,1429.47
662,CUST0074,2025-07-21,1312.67
2761,CUST0322,2025-07-21,566.24
4152,CUST0468,2025-07-21,1008.04
3453,CUST0397,2025-07-21,520.25
1421,CUST0161,2025-07-21,1397.4
4611,CUST0537,2025-07-21,1042.83
2839,CUST0332,2025-07-21,1549.1
4368,CUST0500,2025-07-21,319.59
676,CUST0077,2025-07-21,764.22
3028,CUST0350,2025-07-21,732.92
623,CUST0071,2025-07-21,757.86
2175,CUST0253,2025-07-21,1579.98
3508,CUST0404,2025-07-21,804.84
2635,CUST0308,2025-07-21,1488.57
2613,CUST0304,2025-07-22,527.84
225,CUST0026,2025-07-22,615.3
2799,CUST0328,2025-07-22,1010.1
3552,CUST0409,2025-07-22,288.53
128,CUST0015,2025-07-22,2156.79
2992,CUST0346,2025-07-22,1637.19
3123,CUST0365,2025-07-22,264.45
3506,CUST0404,2025-07-22,1697.98
3414,CUST0391,2025-07-22,828.14
3651,CUST0422,2025-07-22,1040.5
135,CUST0016,2025-07-22,971.83
3137,CUST0367,2025-07-22,1006.82
4722,CUST0555,2025-07-22,1598.57
138,CUST0016,2025-07-22,1903.54
2741,CUST0319,2025-07-22,2076.75
3986,CUST0454,2025-07-22,969.07
1090,CUST0122,2025-07-22,1671.25
4535,CUST0522,2025-07-22,1942.25
4834,CUST0565,2025-07-22,1658.15
1393,CUST0157,2025-07-22,1285.53
464,CUST0056,2025-07-22,1220.78
1844,CUST0208,2025-07-23,1192.33
309,CUST0036,2025-07-23,891.74
1274,CUST0145,2025-07-23,1124.98
1701,CUST0192,2025-07-23,1358.81
3003,CUST0347,2025-07-23,1570.92
1056,CUST0114,2025-07-23,1359.97
14,CUST0002,2025-07-23,975.24
3365,CUST0382,2025-07-23,1145.31
2357,CUST0279,2025-07-23,1772.59
2201,CUST0257,2025-07-23,870.62
4431,CUST0510,2025-07-23,819.26
2726,CUST0318,2025-07-23,2499.68
3499,CUST0402,2025-07-23,1783.58
4533,CUST0522,2025-07-23,760.9
2771,CUST0324,2025-07-23,1333.33
3924,CUST0446,2025-07-23,1224.4
736,CUST0081,2025-07-23,498.76
3979,CUST0453,2025-07-23,1057.83
5084,CUST0595,2025-07-23,1707.84
548,CUST0063,2025-07-24,293.06
2612,CUST0304,2025-07-24,353.57
4880,CUST0572,2025-07-24,311.04
2364,CUST0280,2025-07-24,1622.12
497,CUST0058,2025-07-24,1081.1
3516,CUST0406,2025-07-24,1221.53
3987,CUST0454,2025-07-24,393.25
4414,CUST0507,2025-07-24,1386.56
112,CUST0013,2025-07-24,1671.77
4895,CUST0574,2025-07-24,1267.54
1091,CUST0122,2025-07-24,1417.61
681,CUST0077,2025-07-24,1121.05
4645,CUST0542,2025-07-24,502.69
4210,CUST0474,2025-07-24,1530.81
70,CUST0008,2025-07-24,1603.52
1763,CUST0201,2025-07-24,1716.45
3850,CUST0438,2025-07-24,1730.9
3903,CUST0442,2025-07-24,1610.97
1702,CUST0193,2025-07-24,1744.48
2772,CUST0324,2025-07-24,2222.22
2243,CUST0261,2025-07-24,988.75
1747,CUST0198,2025-07-24,655.27
4508,CUST0518,2025-07-24,936.62
4512,CUST0519,2025-07-24,1433.82
4242,CUST0481,2025-07-24,1612.84
1088,CUST0121,2025-07-24,844.42
3102,CUST0359,2025-07-25,1148.77
1244,CUST0141,2025-07-25,235.06
612,CUST0070,2025-07-25,1180.7
4610,CUST0537,2025-07-25,916.2
406,CUST0044,2025-07-25,262.95
2290,CUST0267,2025-07-25,726.48
4883,CUST0572,2025-07-25,815.73
4716,CUST0552,2025-07-25,1795.23
1750,CUST0199,2025-07-25,676.92
1058,CUST0115,2025-07-25,550.42
110,CUST0013,2025-07-25,733.6
2702,CUST0314,2025-07-25,1052.56
1753,CUST0200,2025-07-25,802.63
4401,CUST0506,2025-07-25,1445.29
2789,CUST0326,2025-07-25,438.51
866,CUST0095,2025-07-25,1673.64
19,CUST0003,2025-07-25,902.05
4938,CUST0582,2025-07-25,492.24
4302,CUST0489,2025-07-25,275.26
3255,CUST0374,2025-07-25,1581.26
457,CUST0053,2025-07-25,395.02
742,CUST0082,2025-07-26,770.74
1137,CUST0127,2025-07-26,630.43
113,CUST0013,2025-07-26,1380.0
4305,CUST0490,2025-07-26,1214.03
4269,CUST0486,2025-07-26,1615.48
2087,CUST0239,2025-07-26,1661.6
1946,CUST0219,2025-07-26,311.58
1903,CUST0213,2025-07-26,731.14
2017,CUST0228,2025-07-26,513.04
2148,CUST0248,2025-07-26,1556.08
2703,CUST0314,2025-07-26,1384.61
4597,CUST0535,2025-07-26,558.65
825,CUST0089,2025-07-26,1389.75
4659,CUST0544,2025-07-26,357.21
408,CUST0044,2025-07-26,705.85
4900,CUST0575,2025-07-26,422.7
3258,CUST0374,2025-07-26,1703.28
3081,CUST0356,2025-07-26,1017.02
2200,CUST0257,2025-07-26,651.07
4541,CUST0524,2025-07-26,1350.25
1240,CUST0140,2025-07-27,1533.83
1915,CUST0215,2025-07-27,1284.26
1394,CUST0157,2025-07-27,1723.52
2713,CUST0316,2025-07-27,1131.22
4239,CUST0479,2025-07-27,1213.66
1751,CUST0199,2025-07-27,1434.42
1057,CUST0114,2025-07-27,1624.23
1049,CUST0113,2025-07-27,1443.08
1397,CUST0158,2025-07-27,1724.86
4409,CUST0506,2025-07-27,1343.91
4440,CUST0511,2025-07-27,1241.7
2367,CUST0281,2025-07-27,914.12
2768,CUST0323,2025-07-27,1331.55
3298,CUST0377,2025-07-27,1324.59
4601,CUST0535,2025-07-27,653.79
4514,CUST0519,2025-07-27,460.11
3763,CUST0433,2025-07-27,1730.45
4612,CUST0537,2025-07-27,394.34
2282,CUST0265,2025-07-27,1738.26
3701,CUST0428,2025-07-27,1655.56
2132,CUST0246,2025-07-27,886.02
4543,CUST0525,2025-07-27,1579.54
2786,CUST0325,2025-07-28,1099.12
1613,CUST0181,2025-07-28,842.86
73,CUST0008,2025-07-28,682.2
2981,CUST0345,2025-07-28,2187.65
4606,CUST0536,2025-07-28,201.51
1469,CUST0166,2025-07-28,1473.48
3103,CUST0359,2025-07-28,207.54
3607,CUST0416,2025-07-28,2321.2
445,CUST0051,2025-07-28,746.0
222,CUST0026,2025-07-28,1184.29
1846,CUST0208,2025-07-28,1731.68
3590,CUST0412,2025-07-28,1797.16
3980,CUST0453,2025-07-28,1926.01
968,CUST0105,2025-07-28,543.4
1376,CUST0155,2025-07-28,1410.77
2836,CUST0332,2025-07-29,1541.22
3105,CUST0359,2025-07-29,565.87
1063,CUST0116,2025-07-29,1491.14
2739,CUST0319,2025-07-29,1492.41
2335,CUST0274,2025-07-29,1632.89
1664,CUST0190,2025-07-29,1809.67
1065,CUST0116,2025-07-29,1097.4
3981,CUST0453,2025-07-29,2218.03
4536,CUST0523,2025-07-29,1100.27
967,CUST0105,2025-07-29,1766.37
5098,CUST0598,2025-07-29,1257.27
2643,CUST0309,2025-07-29,746.58
3923,CUST0445,2025-07-29,447.5
1938,CUST0218,2025-07-29,1601.96
4412,CUST0506,2025-07-29,1916.85
82,CUST0010,2025-07-29,647.73
4868,CUST0569,2025-07-29,1442.83
1740,CUST0197,2025-07-29,1443.26
747,CUST0082,2025-07-29,1346.01
4778,CUST0560,2025-07-29,757.76
1738,CUST0197,2025-07-30,844.05
4852,CUST0567,2025-07-30,1050.51
1726,CUST0196,2025-07-30,1077.73
3609,CUST0416,2025-07-30,1936.58
663,CUST0074,2025-07-31,1455.84
2791,CUST0326,2025-07-31,994.79
3927,CUST0446,2025-07-31,1769.81
3915,CUST0444,2025-07-31,2001.88
4404,CUST0506,2025-07-31,758.98
2176,CUST0253,2025-07-31,738.12
2734,CUST0319,2025-07-31,1415.75
2343,CUST0277,2025-07-31,988.68
2015,CUST0228,2025-08-01,892.45
2057,CUST0237,2025-08-01,1263.53
949,CUST0102,2025-08-01,1893.05
1975,CUST0224,2025-08-01,1552.71
1404,CUST0159,2025-08-01,509.18
4842,CUST0565,2025-08-02,1653.4
4128,CUST0463,2025-08-02,1348.59
4332,CUST0496,2025-08-02,2263.88
4773,CUST0559,2025-08-02,1567.36
501,CUST0058,2025-08-02,1934.37
2802,CUST0328,2025-08-02,312.51
3122,CUST0365,2025-08-02,721.12
2780,CUST0324,2025-08-03,2044.14
1615,CUST0181,2025-08-03,2388.19
1227,CUST0138,2025-08-03,1080.2
4967,CUST0586,2025-08-03,647.76
2280,CUST0265,2025-08-04,1335.47
4417,CUST0508,2025-08-04,1263.69
816,CUST0087,2025-08-04,1846.37
1262,CUST0144,2025-08-04,886.75
237,CUST0027,2025-08-04,2051.32
1416,CUST0161,2025-08-04,1129.76
1055,CUST0114,2025-08-04,1715.83
2999,CUST0347,2025-08-04,590.85
2736,CUST0319,2025-08-04,1831.75
2559,CUST0299,2025-08-05,314.65
3656,CUST0422,2025-08-05,833.43
2043,CUST0235,2025-08-05,1997.86
426,CUST0047,2025-08-05,1661.28
3627,CUST0419,2025-08-05,676.1
4781,CUST0561,2025-08-06,790.73
3259,CUST0374,2025-08-06,1436.53
2971,CUST0343,2025-08-06,1485.71
821,CUST0088,2025-08-06,1911.78
3699,CUST0428,2025-08-06,1241.39
2996,CUST0346,2025-08-07,885.81
1418,CUST0161,2025-08-07,2190.35
1344,CUST0150,2025-08-07,1784.97
4379,CUST0503,2025-08-07,605.81
427,CUST0047,2025-08-07,1783.66
1901,CUST0213,2025-08-07,455.42
1242,CUST0141,2025-08-07,871.02
502,CUST0058,2025-08-07,1100.5
4388,CUST0504,2025-08-07,1594.88
3526,CUST0407,2025-08-07,1463.56
1066,CUST0116,2025-08-08,912.87
2840,CUST0332,2025-08-08,1134.38
3378,CUST0385,2025-08-08,1792.11
2814,CUST0329,2025-08-08,839.63
3375,CUST0383,2025-08-08,1751.57
4315,CUST0493,2025-08-08,1656.18
1351,CUST0152,2025-08-09,2464.94
4613,CUST0537,2025-08-09,1324.47
4392,CUST0505,2025-08-09,675.91
259,CUST0031,2025-08-09,1765.62
2558,CUST0299,2025-08-09,332.47
262,CUST0031,2025-08-09,994.37
1512,CUST0171,2025-08-09,1851.98
3857,CUST0439,2025-08-09,1784.53
1349,CUST0152,2025-08-10,532.59
2976,CUST0344,2025-08-10,1412.81
3115,CUST0362,2025-08-10,1834.81
4857,CUST0568,2025-08-10,1639.63
3429,CUST0393,2025-08-10,2164.0
3409,CUST0389,2025-08-11,1710.39
4565,CUST0528,2025-08-11,425.58
5095,CUST0598,2025-08-11,2314.35
1560,CUST0175,2025-08-11,890.78
4930,CUST0580,2025-08-11,2076.94
851,CUST0092,2025-08-11,386.93
4860,CUST0568,2025-08-11,970.24
4605,CUST0536,2025-08-12,1190.96
4155,CUST0469,2025-08-12,2046.79
1894,CUST0212,2025-08-12,526.41
3150,CUST0369,2025-08-12,1462.12
1392,CUST0157,2025-08-12,604.91
739,CUST0081,2025-08-13,1476.66
3503,CUST0403,2025-08-13,596.65
2370,CUST0282,2025-08-13,1516.11
1309,CUST0147,2025-08-13,608.93
3393,CUST0388,2025-08-13,999.01
2973,CUST0344,2025-08-13,1541.32
3501,CUST0402,2025-08-14,1674.27
4387,CUST0503,2025-08-14,1322.34
2637,CUST0309,2025-08-14,503.06
626,CUST0072,2025-08-14,2426.77
3853,CUST0439,2025-08-14,1920.64
2796,CUST0326,2025-08-15,460.48
3121,CUST0365,2025-08-15,1695.72
2295,CUST0267,2025-08-15,1813.75
2990,CUST0345,2025-08-15,2021.76
1179,CUST0132,2025-08-15,1747.64
1877,CUST0210,2025-08-16,1245.75
436,CUST0050,2025-08-16,1314.72
4026,CUST0457,2025-08-16,1163.07
1215,CUST0134,2025-08-16,850.8
1433,CUST0163,2025-08-16,1769.92
965,CUST0104,2025-08-17,637.21
2160,CUST0251,2025-08-17,520.35
2773,CUST0324,2025-08-17,2429.84
4660,CUST0544,2025-08-17,1011.36
4425,CUST0510,2025-08-17,682.31
2644,CUST0309,2025-08-17,519.13
4363,CUST0498,2025-08-17,3087.03
1848,CUST0208,2025-08-17,509.58
3116,CUST0362,2025-08-17,491.06
4133,CUST0465,2025-08-17,1795.18
1929,CUST0217,2025-08-18,863.37
3128,CUST0366,2025-08-18,1617.45
210,CUST0024,2025-08-18,1592.68
4290,CUST0487,2025-08-18,2984.35
3816,CUST0436,2025-08-18,1759.23
4427,CUST0510,2025-08-18,1906.41
2041,CUST0235,2025-08-18,1907.66
4527,CUST0522,2025-08-18,2092.63
2356,CUST0279,2025-08-18,1165.53
2183,CUST0254,2025-08-18,809.41
3376,CUST0384,2025-08-18,914.78
3345,CUST0381,2025-08-18,1287.96
2020,CUST0230,2025-08-18,1165.12
628,CUST0072,2025-08-19,1538.7
3852,CUST0439,2025-08-19,1666.02
2261,CUST0263,2025-08-19,2908.17
2046,CUST0235,2025-08-19,2205.26
1711,CUST0194,2025-08-19,823.41
4228,CUST0477,2025-08-19,1305.43
2366,CUST0280,2025-08-19,1772.6
2654,CUST0311,2025-08-19,2110.71
1400,CUST0158,2025-08-19,1921.01
4957,CUST0585,2025-08-19,522.19
4947,CUST0584,2025-08-19,1802.67
2334,CUST0274,2025-08-19,596.21
3490,CUST0401,2025-08-20,1260.47
2611,CUST0304,2025-08-20,1405.19
2633,CUST0308,2025-08-20,2232.03
4298,CUST0488,2025-08-20,1584.67
1210,CUST0134,2025-08-20,1717.72
2724,CUST0318,2025-08-20,939.34
111,CUST0013,2025-08-20,863.21
2007,CUST0228,2025-08-20,1563.03
3768,CUST0434,2025-08-20,4009.87
2636,CUST0308,2025-08-20,1628.35
536,CUST0061,2025-08-21,2337.79
3068,CUST0355,2025-08-21,2808.79
1217,CUST0134,2025-08-21,1310.52
458,CUST0054,2025-08-21,490.3
4413,CUST0507,2025-08-21,314.4
802,CUST0086,2025-08-21,496.86
2123,CUST0245,2025-08-22,1273.94
810,CUST0087,2025-08-22,1203.24
4906,CUST0577,2025-08-22,1998.17
1591,CUST0180,2025-08-22,1458.61
3040,CUST0353,2025-08-22,1660.26
446,CUST0051,2025-08-22,438.39
5113,CUST0599,2025-08-22,463.83
2752,CUST0320,2025-08-22,1542.66
3242,CUST0373,2025-08-22,4387.88
4355,CUST0498,2025-08-22,1681.06
3972,CUST0451,2025-08-22,1571.95
958,CUST0103,2025-08-22,412.79
2373,CUST0282,2025-08-22,947.49
31,CUST0006,2025-08-22,1675.87
4753,CUST0557,2025-08-22,1221.54
1256,CUST0144,2025-08-22,1959.31
2147,CUST0248,2025-08-23,334.82
2001,CUST0226,2025-08-23,981.43
2476,CUST0292,2025-08-23,4697.66
5099,CUST0598,2025-08-23,1960.93
2329,CUST0272,2025-08-23,1331.13
979,CUST0107,2025-08-23,681.04
5101,CUST0598,2025-08-23,1199.86
1791,CUST0203,2025-08-23,933.95
4792,CUST0562,2025-08-23,2478.96
3279,CUST0375,2025-08-23,2917.09
4960,CUST0586,2025-08-23,603.6
159,CUST0019,2025-08-23,639.9
3330,CUST0380,2025-08-23,451.86
3468,CUST0399,2025-08-23,795.7
3965,CUST0450,2025-08-23,902.82
2648,CUST0310,2025-08-23,2084.72
172,CUST0021,2025-08-23,1145.69
1390,CUST0157,2025-08-23,767.99
4360,CUST0498,2025-08-23,1553.67
2110,CUST0245,2025-08-23,3124.95
2053,CUST0236,2025-08-23,1225.74
3935,CUST0448,2025-08-23,995.72
1999,CUST0226,2025-08-24,2191.81
3308,CUST0378,2025-08-24,4284.72
796,CUST0085,2025-08-24,2090.3
1142,CUST0129,2025-08-24,4884.16
2254,CUST0263,2025-08-24,4141.77
2435,CUST0289,2025-08-24,1336.91
1482,CUST0168,2025-08-24,2499.07
1184,CUST0132,2025-08-24,980.27
4677,CUST0546,2025-08-25,761.41
315,CUST0037,2025-08-25,1901.34
3698,CUST0427,2025-08-25,2369.26
4572,CUST0529,2025-08-25,1782.92
2415,CUST0286,2025-08-25,3530.79
228,CUST0027,2025-08-25,2234.72
2022,CUST0230,2025-08-25,316.85
4163,CUST0469,2025-08-25,1424.54
2964,CUST0343,2025-08-25,2096.17
3356,CUST0381,2025-08-25,4415.41
1084,CUST0119,2025-08-26,771.25
1072,CUST0118,2025-08-26,1646.48
3855,CUST0439,2025-08-26,801.38
4325,CUST0494,2025-08-26,1862.52
2068,CUST0238,2025-08-26,2402.79
363,CUST0041,2025-08-26,3132.53
3035,CUST0350,2025-08-26,838.0
3467,CUST0399,2025-08-26,1888.26
3765,CUST0433,2025-08-26,1708.5
3921,CUST0445,2025-08-26,1248.61
2962,CUST0343,2025-08-27,1228.56
2181,CUST0254,2025-08-27,1301.21
4086,CUST0460,2025-08-27,3359.67
2332,CUST0273,2025-08-27,619.98
15,CUST0002,2025-08-27,790.26
755,CUST0083,2025-08-27,1842.41
3623,CUST0418,2025-08-27,1163.82
3270,CUST0375,2025-08-27,1604.26
2607,CUST0302,2025-08-27,739.34
2442,CUST0291,2025-08-27,1590.58
4902,CUST0576,2025-08-27,938.85
3386,CUST0387,2025-08-27,1569.32
3353,CUST0381,2025-08-27,1570.3
1076,CUST0118,2025-08-27,2416.28
4220,CUST0477,2025-08-28,3305.37
4079,CUST0460,2025-08-28,3542.57
2288,CUST0266,2025-08-28,490.29
746,CUST0082,2025-08-28,558.58
4641,CUST0540,2025-08-28,3502.8
1805,CUST0205,2025-08-28,989.22
2660,CUST0312,2025-08-28,4294.15
1001,CUST0110,2025-08-28,1240.19
1476,CUST0167,2025-08-28,1017.29
3511,CUST0405,2025-08-28,1081.32
3535,CUST0408,2025-08-28,3154.92
3272,CUST0375,2025-08-28,1317.79
3615,CUST0417,2025-08-28,687.66
624,CUST0072,2025-08-28,746.11
5014,CUST0588,2025-08-28,4117.45
871,CUST0098,2025-08-29,2127.09
3988,CUST0455,2025-08-29,2558.79
3193,CUST0371,2025-08-29,4093.98
1743,CUST0197,2025-08-29,1433.25
4848,CUST0567,2025-08-29,1783.45
1289,CUST0146,2025-08-29,1399.94
1237,CUST0139,2025-08-29,2322.04
793,CUST0085,2025-08-29,2327.96
2778,CUST0324,2025-08-29,1811.31
4894,CUST0574,2025-08-29,1705.81
5103,CUST0598,2025-08-29,1576.01
495,CUST0058,2025-08-29,2248.17
11,CUST0002,2025-08-29,1589.28
2675,CUST0312,2025-08-29,1822.56
3439,CUST0394,2025-08-29,975.22
3257,CUST0374,2025-08-29,1319.81
757,CUST0083,2025-08-29,2128.21
2655,CUST0311,2025-08-29,1478.39
3504,CUST0404,2025-08-29,1626.91
535,CUST0061,2025-08-29,1406.64
2189,CUST0254,2025-08-29,494.82
4762,CUST0558,2025-08-29,2872.7
4058,CUST0459,2025-08-29,4639.46
4260,CUST0484,2025-08-30,1739.11
2227,CUST0260,2025-08-30,2672.47
1494,CUST0169,2025-08-30,1008.38
1452,CUST0165,2025-08-30,2706.76
1724,CUST0196,2025-08-30,2037.62
3548,CUST0408,2025-08-30,3731.56
3624,CUST0418,2025-08-30,940.47
1588,CUST0180,2025-08-30,3950.12
3021,CUST0349,2025-08-30,1559.88
1326,CUST0149,2025-08-30,3645.39
146,CUST0017,2025-08-30,2196.96
2869,CUST0334,2025-08-30,1487.44
868,CUST0097,2025-08-30,1130.99
780,CUST0084,2025-08-30,2313.59
4955,CUST0585,2025-08-30,1637.31
4893,CUST0573,2025-08-30,2272.05
2369,CUST0281,2025-08-30,284.12
169,CUST0021,2025-08-30,1200.42
3239,CUST0373,2025-08-31,2565.4
4548,CUST0527,2025-08-31,2307.2
1742,CUST0197,2025-08-31,1375.07
2721,CUST0317,2025-08-31,1918.42
4275,CUST0487,2025-08-31,1378.6
1196,CUST0133,2025-08-31,1522.86
1353,CUST0152,2025-08-31,1374.38
527,CUST0060,2025-08-31,1816.04
4872,CUST0570,2025-08-31,519.08
4308,CUST0492,2025-08-31,1467.78
4723,CUST0555,2025-08-31,446.98
867,CUST0096,2025-08-31,1280.07
2942,CUST0340,2025-08-31,1381.27
881,CUST0099,2025-08-31,4357.99
3604,CUST0415,2025-09-01,1821.67
469,CUST0057,2025-09-01,2068.65
477,CUST0057,2025-09-01,3496.28
1600,CUST0180,2025-09-01,3960.07
1986,CUST0225,2025-09-01,2211.24
140,CUST0016,2025-09-01,933.17
2298,CUST0268,2025-09-01,1298.97
316,CUST0037,2025-09-01,2215.15
114,CUST0014,2025-09-01,695.8
4245,CUST0481,2025-09-01,776.23
2104,CUST0244,2025-09-01,1059.49
2685,CUST0312,2025-09-01,1331.88
183,CUST0022,2025-09-01,2636.21
1947,CUST0219,2025-09-01,1680.53
5003,CUST0588,2025-09-01,3320.85
1412,CUST0160,2025-09-01,351.04
2657,CUST0311,2025-09-01,1627.23
3237,CUST0373,2025-09-01,2860.92
1645,CUST0185,2025-09-01,2116.34
4651,CUST0543,2025-09-01,2174.67
4726,CUST0556,2025-09-02,2495.62
4710,CUST0550,2025-09-02,1866.25
4147,CUST0467,2025-09-02,2204.17
2321,CUST0270,2025-09-02,1306.79
185,CUST0022,2025-09-02,3363.7
3520,CUST0407,2025-09-02,1667.52
3044,CUST0353,2025-09-02,1935.73
4539,CUST0524,2025-09-02,1084.01
2074,CUST0238,2025-09-02,4194.73
1540,CUST0172,2025-09-02,3665.04
1119,CUST0125,2025-09-02,2239.35
4669,CUST0546,2025-09-02,2183.18
1334,CUST0149,2025-09-02,4380.86
2205,CUST0258,2025-09-03,1175.06
1012,CUST0110,2025-09-03,3902.11
4758,CUST0558,2025-09-03,4193.93
1922,CUST0216,2025-09-03,2096.21
3425,CUST0393,2025-09-03,1427.38
1991,CUST0225,2025-09-03,2449.14
556,CUST0064,2025-09-03,888.56
2530,CUST0295,2025-09-03,2057.58
481,CUST0057,2025-09-03,3307.6
2929,CUST0336,2025-09-03,3040.62
3913,CUST0444,2025-09-03,439.16
2943,CUST0340,2025-09-03,4705.13
3658,CUST0423,2025-09-03,3575.06
1593,CUST0180,2025-09-03,2976.76
1271,CUST0145,2025-09-03,404.18
383,CUST0043,2025-09-03,1797.68
4471,CUST0516,2025-09-03,2266.47
2676,CUST0312,2025-09-03,3989.98
2695,CUST0313,2025-09-03,4434.24
2348,CUST0278,2025-09-03,1009.57
498,CUST0058,2025-09-03,799.68
1690,CUST0191,2025-09-04,1780.0
773,CUST0084,2025-09-04,1330.31
1172,CUST0131,2025-09-04,1264.48
2959,CUST0341,2025-09-04,730.8
3050,CUST0354,2025-09-04,1629.77
1193,CUST0133,2025-09-04,1927.84
3080,CUST0356,2025-09-04,1662.62
3554,CUST0410,2025-09-04,1568.33
4581,CUST0529,2025-09-04,3387.36
4540,CUST0524,2025-09-04,520.56
998,CUST0109,2025-09-04,1819.83
500,CUST0058,2025-09-04,1162.18
1573,CUST0178,2025-09-04,2041.16
5072,CUST0593,2025-09-04,465.23
5070,CUST0593,2025-09-04,2207.37
2129,CUST0245,2025-09-04,2058.61
1729,CUST0196,2025-09-04,2129.57
4652,CUST0543,2025-09-05,2266.26
939,CUST0101,2025-09-05,3456.69
3764,CUST0433,2025-09-05,1487.06
3803,CUST0435,2025-09-05,3352.38
2758,CUST0322,2025-09-05,1353.29
608,CUST0069,2025-09-05,3389.3
4787,CUST0562,2025-09-05,2164.94
2454,CUST0291,2025-09-05,3714.23
3993,CUST0455,2025-09-05,4822.91
1243,CUST0141,2025-09-05,667.81
181,CUST0022,2025-09-05,4038.14
1200,CUST0133,2025-09-05,3755.93
1399,CUST0158,2025-09-06,1211.09
542,CUST0062,2025-09-06,656.27
3486,CUST0401,2025-09-06,1737.67
5083,CUST0594,2025-09-06,934.72
1525,CUST0172,2025-09-06,1595.45
4552,CUST0527,2025-09-06,1170.98
2847,CUST0333,2025-09-06,3064.61
2889,CUST0335,2025-09-06,4993.96
4907,CUST0577,2025-09-06,862.45
1683,CUST0191,2025-09-06,1191.74
4755,CUST0558,2025-09-06,4444.36
3606,CUST0416,2025-09-06,2302.28
3739,CUST0431,2025-09-06,3604.79
3542,CUST0408,2025-09-06,2645.93
4644,CUST0541,2025-09-06,521.23
4741,CUST0557,2025-09-06,1850.24
3703,CUST0429,2025-09-06,2223.42
4649,CUST0543,2025-09-06,2037.62
197,CUST0022,2025-09-06,4240.23
104,CUST0011,2025-09-07,4329.85
2653,CUST0311,2025-09-07,1620.77
3203,CUST0371,2025-09-07,1356.81
764,CUST0084,2025-09-07,1529.8
2824,CUST0330,2025-09-07,1331.66
1369,CUST0153,2025-09-07,894.19
1371,CUST0153,2025-09-07,866.12
3708,CUST0430,2025-09-07,4468.24
740,CUST0081,2025-09-07,513.35
68,CUST0007,2025-09-07,1489.92
3260,CUST0375,2025-09-07,1510.32
518,CUST0059,2025-09-07,2073.14
4186,CUST0471,2025-09-07,2311.51
3249,CUST0373,2025-09-07,4405.58
2203,CUST0258,2025-09-07,724.57
333,CUST0038,2025-09-07,4801.12
3387,CUST0387,2025-09-08,1831.07
3806,CUST0435,2025-09-08,2900.97
1116,CUST0124,2025-09-08,4310.47
1733,CUST0196,2025-09-08,1408.1
4072,CUST0460,2025-09-08,2598.12
3570,CUST0410,2025-09-08,4565.32
3134,CUST0366,2025-09-08,1520.46
2933,CUST0337,2025-09-08,338.8
4725,CUST0556,2025-09-08,986.46
1516,CUST0171,2025-09-08,1983.19
718,CUST0080,2025-09-08,4186.9
3522,CUST0407,2025-09-08,965.66
2250,CUST0262,2025-09-08,662.79
673,CUST0076,2025-09-08,1915.53
2440,CUST0289,2025-09-08,1506.81
3740,CUST0431,2025-09-08,4150.77
4169,CUST0470,2025-09-08,1688.85
1106,CUST0124,2025-09-09,4326.57
5106,CUST0599,2025-09-09,1060.49
3777,CUST0434,2025-09-09,1665.51
1647,CUST0185,2025-09-09,506.17
2823,CUST0330,2025-09-09,1446.2
4151,CUST0468,2025-09-09,484.83
2389,CUST0284,2025-09-09,2627.06
300,CUST0033,2025-09-09,2673.02
2882,CUST0335,2025-09-09,4156.15
4626,CUST0540,2025-09-09,4277.23
4257,CUST0483,2025-09-09,833.77
1621,CUST0182,2025-09-09,1075.91
1759,CUST0201,2025-09-09,1609.76
4233,CUST0477,2025-09-09,1222.23
2438,CUST0289,2025-09-09,502.41
2835,CUST0331,2025-09-09,1377.08
3983,CUST0453,2025-09-09,848.85
4335,CUST0496,2025-09-10,938.14
4690,CUST0547,2025-09-10,2786.52
4010,CUST0455,2025-09-10,2882.44
3363,CUST0381,2025-09-10,4301.01
1485,CUST0168,2025-09-10,1816.24
2303,CUST0268,2025-09-10,1943.15
1517,CUST0171,2025-09-10,772.82
3253,CUST0374,2025-09-10,875.54
3907,CUST0443,2025-09-10,964.02
4352,CUST0498,2025-09-10,982.27
1031,CUST0111,2025-09-10,1608.25
3457,CUST0398,2025-09-10,1904.28
3673,CUST0424,2025-09-10,697.22
897,CUST0100,2025-09-10,3073.91
3812,CUST0435,2025-09-10,2775.56
4614,CUST0538,2025-09-10,1830.54
3207,CUST0371,2025-09-10,4033.89
3199,CUST0371,2025-09-10,821.33
1639,CUST0185,2025-09-10,1588.75
4931,CUST0580,2025-09-10,2029.92
1268,CUST0145,2025-09-11,1814.66
2165,CUST0252,2025-09-11,1709.1
2050,CUST0236,2025-09-11,1809.93
175,CUST0021,2025-09-11,1544.71
1298,CUST0146,2025-09-11,1863.74
3381,CUST0385,2025-09-11,975.4
1290,CUST0146,2025-09-11,2951.6
4574,CUST0529,2025-09-11,2865.52
348,CUST0040,2025-09-11,1694.87
156,CUST0019,2025-09-11,1124.9
5102,CUST0598,2025-09-11,1223.26
2287,CUST0266,2025-09-11,1631.95
1852,CUST0209,2025-09-11,1122.38
4366,CUST0499,2025-09-11,1227.69
3946,CUST0450,2025-09-11,2685.43
4328,CUST0495,2025-09-11,1466.6
1365,CUST0153,2025-09-11,4165.66
4653,CUST0543,2025-09-11,1402.72
3337,CUST0380,2025-09-11,1602.06
91,CUST0011,2025-09-11,3807.95
4034,CUST0457,2025-09-11,4762.97
3043,CUST0353,2025-09-12,1179.92
3377,CUST0384,2025-09-12,421.19
4694,CUST0547,2025-09-12,3520.21
4829,CUST0564,2025-09-12,3135.44
4321,CUST0494,2025-09-12,2140.2
2580,CUST0300,2025-09-12,2748.53
3056,CUST0355,2025-09-12,4081.42
4447,CUST0512,2025-09-12,2098.97
4542,CUST0525,2025-09-12,1348.42
504,CUST0059,2025-09-12,3970.32
1509,CUST0171,2025-09-12,839.83
3158,CUST0370,2025-09-12,2711.52
1530,CUST0172,2025-09-13,1033.54
2133,CUST0246,2025-09-13,235.34
2900,CUST0335,2025-09-13,2878.27
1121,CUST0125,2025-09-13,2355.12
5134,CUST0600,2025-09-13,3906.0
553,CUST0064,2025-09-13,1853.54
4615,CUST0538,2025-09-13,1960.11
4929,CUST0579,2025-09-13,1060.8
3441,CUST0394,2025-09-13,1874.68
4846,CUST0567,2025-09-13,758.81
3599,CUST0415,2025-09-13,1296.98
4561,CUST0528,2025-09-13,1210.89
311,CUST0037,2025-09-13,1996.2
4545,CUST0525,2025-09-13,1093.42
3382,CUST0385,2025-09-13,589.44
1533,CUST0172,2025-09-14,3811.91
5047,CUST0591,2025-09-14,1427.94
1144,CUST0129,2025-09-14,3800.17
2305,CUST0269,2025-09-14,2391.58
760,CUST0083,2025-09-14,2120.03
1154,CUST0129,2025-09-14,2928.03
1581,CUST0178,2025-09-14,2349.01
1527,CUST0172,2025-09-14,3519.57
4372,CUST0501,2025-09-14,1736.01
2806,CUST0329,2025-09-14,2331.23
3245,CUST0373,2025-09-14,4738.36
950,CUST0102,2025-09-14,1419.52
1500,CUST0169,2025-09-14,1685.28
485,CUST0057,2025-09-14,1339.26
3390,CUST0387,2025-09-14,871.18
666,CUST0075,2025-09-14,931.42
2877,CUST0334,2025-09-14,841.87
4140,CUST0466,2025-09-14,939.35
1228,CUST0138,2025-09-14,1443.88
393,CUST0043,2025-09-14,1791.41
454,CUST0052,2025-09-14,1665.14
1158,CUST0129,2025-09-15,4341.77
4369,CUST0501,2025-09-15,593.06
4639,CUST0540,2025-09-15,3967.99
4935,CUST0580,2025-09-15,566.17
2716,CUST0317,2025-09-15,986.61
4188,CUST0472,2025-09-15,1374.27
1814,CUST0206,2025-09-15,3363.59
906,CUST0100,2025-09-15,3885.23
3841,CUST0437,2025-09-15,1668.72
2146,CUST0248,2025-09-15,1591.44
1784,CUST0203,2025-09-15,2223.16
2246,CUST0261,2025-09-15,1559.48
1982,CUST0224,2025-09-15,2336.6
4647,CUST0542,2025-09-15,1240.83
2617,CUST0304,2025-09-16,880.5
1471,CUST0167,2025-09-16,1492.16
80,CUST0010,2025-09-16,557.85
555,CUST0064,2025-09-16,2493.06
5071,CUST0593,2025-09-16,1807.87
674,CUST0077,2025-09-16,868.67
4312,CUST0493,2025-09-16,582.41
3233,CUST0373,2025-09-16,4716.26
1849,CUST0209,2025-09-16,4955.92
12,CUST0002,2025-09-16,1397.22
765,CUST0084,2025-09-16,1274.36
157,CUST0019,2025-09-16,1559.3
812,CUST0087,2025-09-16,1029.61
1961,CUST0223,2025-09-16,4170.06
1596,CUST0180,2025-09-16,3872.24
1951,CUST0221,2025-09-16,1126.5
2164,CUST0252,2025-09-16,803.25
4455,CUST0515,2025-09-17,3817.53
3074,CUST0355,2025-09-17,1668.86
4724,CUST0556,2025-09-17,2313.59
4748,CUST0557,2025-09-17,2866.74
3949,CUST0450,2025-09-17,949.57
400,CUST0043,2025-09-17,954.02
2051,CUST0236,2025-09-17,783.11
4226,CUST0477,2025-09-17,2987.48
1333,CUST0149,2025-09-17,3547.36
2733,CUST0318,2025-09-17,589.88
4992,CUST0588,2025-09-17,4788.06
1245,CUST0142,2025-09-17,1256.03
3582,CUST0411,2025-09-17,1751.51
2837,CUST0332,2025-09-17,1603.64
2993,CUST0346,2025-09-17,1758.2
2872,CUST0334,2025-09-17,1348.66
3817,CUST0436,2025-09-17,923.89
1832,CUST0207,2025-09-17,3426.39
3471,CUST0400,2025-09-17,459.22
2751,CUST0320,2025-09-18,1798.24
4530,CUST0522,2025-09-18,2312.68
3007,CUST0348,2025-09-18,1537.44
2362,CUST0280,2025-09-18,911.45
3165,CUST0370,2025-09-18,4682.88
1339,CUST0150,2025-09-18,851.32
312,CUST0037,2025-09-18,1073.56
2076,CUST0238,2025-09-19,3619.91
4628,CUST0540,2025-09-19,2070.89
2864,CUST0334,2025-09-19,3445.46
4887,CUST0573,2025-09-19,1164.46
4915,CUST0577,2025-09-19,936.33
3792,CUST0435,2025-09-19,1006.95
432,CUST0049,2025-09-19,1238.86
330,CUST0038,2025-09-19,1104.28
3706,CUST0429,2025-09-19,713.46
1685,CUST0191,2025-09-19,3295.82
2106,CUST0244,2025-09-19,1962.2
5019,CUST0589,2025-09-19,4538.48
4620,CUST0538,2025-09-19,519.37
1497,CUST0169,2025-09-19,2394.96
211,CUST0024,2025-09-19,1057.0
381,CUST0043,2025-09-19,3806.46
2322,CUST0270,2025-09-19,468.02
2341,CUST0277,2025-09-19,1624.92
4166,CUST0469,2025-09-20,2110.03
1114,CUST0124,2025-09-20,4493.89
1870,CUST0209,2025-09-20,2203.61
510,CUST0059,2025-09-20,2477.13
2842,CUST0333,2025-09-20,1281.92
771,CUST0084,2025-09-20,4334.08
4310,CUST0492,2025-09-20,811.56
4667,CUST0546,2025-09-20,1189.52
1998,CUST0226,2025-09-20,2117.01
561,CUST0064,2025-09-20,808.71
4073,CUST0460,2025-09-20,4181.06
2473,CUST0292,2025-09-20,3670.4
4348,CUST0498,2025-09-20,832.69
92,CUST0011,2025-09-20,2251.92
5012,CUST0588,2025-09-20,4814.49
1220,CUST0136,2025-09-20,881.26
3154,CUST0370,2025-09-20,2679.79
774,CUST0084,2025-09-21,1246.64
2088,CUST0239,2025-09-21,942.98
672,CUST0076,2025-09-21,952.52
2834,CUST0331,2025-09-21,965.78
862,CUST0095,2025-09-21,1559.67
2131,CUST0245,2025-09-21,3396.82
3709,CUST0430,2025-09-21,3719.83
2948,CUST0340,2025-09-21,4135.37
914,CUST0100,2025-09-21,2284.54
4289,CUST0487,2025-09-21,3887.1
227,CUST0027,2025-09-21,1407.54
271,CUST0032,2025-09-21,1941.21
1085,CUST0120,2025-09-21,1061.24
610,CUST0069,2025-09-22,1265.39
2867,CUST0334,2025-09-22,2863.59
3156,CUST0370,2025-09-22,1945.73
3411,CUST0389,2025-09-22,1150.99
4421,CUST0508,2025-09-22,1268.68
1834,CUST0207,2025-09-22,1649.63
4043,CUST0459,2025-09-22,4665.14
1364,CUST0153,2025-09-22,4592.99
1948,CUST0220,2025-09-22,1402.05
1078,CUST0118,2025-09-22,1224.87
1630,CUST0182,2025-09-22,1782.01
2302,CUST0268,2025-09-22,447.84
2725,CUST0318,2025-09-22,611.98
124,CUST0015,2025-09-22,540.86
4272,CUST0487,2025-09-22,1548.65
534,CUST0061,2025-09-23,2358.73
4867,CUST0569,2025-09-23,559.92
3022,CUST0349,2025-09-23,1063.47
4658,CUST0544,2025-09-23,999.66
734,CUST0080,2025-09-23,4252.83
1827,CUST0207,2025-09-23,888.29
324,CUST0038,2025-09-23,3350.69
144,CUST0017,2025-09-23,608.83
2194,CUST0255,2025-09-23,1062.62
1598,CUST0180,2025-09-23,1010.9
3794,CUST0435,2025-09-23,4300.19
1224,CUST0136,2025-09-23,2242.69
4095,CUST0461,2025-09-23,3999.93
4209,CUST0474,2025-09-23,697.33
4812,CUST0563,2025-09-23,2846.45
1760,CUST0201,2025-09-23,909.66
2118,CUST0245,2025-09-24,1062.53
3088,CUST0357,2025-09-24,1704.51
299,CUST0033,2025-09-24,4888.65
1291,CUST0146,2025-09-24,2445.81
1077,CUST0118,2025-09-24,2401.08
1052,CUST0113,2025-09-24,1450.11
2474,CUST0292,2025-09-24,4297.31
4904,CUST0577,2025-09-24,2635.92
4139,CUST0466,2025-09-24,1302.45
3001,CUST0347,2025-09-24,1553.53
554,CUST0064,2025-09-24,1697.91
2918,CUST0336,2025-09-24,4756.0
3459,CUST0398,2025-09-24,480.56
1456,CUST0165,2025-09-24,3507.93
1563,CUST0176,2025-09-24,1613.03
1024,CUST0111,2025-09-25,1649.78
3338,CUST0380,2025-09-25,1163.58
2503,CUST0294,2025-09-25,414.37
1987,CUST0225,2025-09-25,968.17
2171,CUST0252,2025-09-25,1782.45
1183,CUST0132,2025-09-25,2479.76
573,CUST0065,2025-09-25,605.97
2940,CUST0340,2025-09-25,2251.76
2632,CUST0308,2025-09-25,1526.7
2793,CUST0326,2025-09-25,363.86
1531,CUST0172,2025-09-25,2742.04
2936,CUST0338,2025-09-25,931.16
2712,CUST0316,2025-09-25,932.92
4761,CUST0558,2025-09-26,1351.11
4191,CUST0473,2025-09-26,2883.52
3869,CUST0440,2025-09-26,1385.05
4497,CUST0517,2025-09-26,1087.63
2135,CUST0247,2025-09-26,690.57
2431,CUST0286,2025-09-26,4452.72
3744,CUST0431,2025-09-26,4920.32
5093,CUST0597,2025-09-26,439.16
1430,CUST0162,2025-09-26,814.21
3549,CUST0408,2025-09-26,4313.52
5045,CUST0591,2025-09-26,4567.6
4944,CUST0584,2025-09-26,1392.17
2016,CUST0228,2025-09-26,2327.47
3724,CUST0430,2025-09-26,3851.74
4229,CUST0477,2025-09-26,1314.85
940,CUST0101,2025-09-26,2306.61
3473,CUST0401,2025-09-26,3290.54
4088,CUST0460,2025-09-26,4552.85
229,CUST0027,2025-09-27,1236.4
604,CUST0069,2025-09-27,4154.6
1337,CUST0149,2025-09-27,1937.96
4197,CUST0473,2025-09-27,2200.75
2590,CUST0301,2025-09-27,4721.04
2678,CUST0312,2025-09-27,2854.97
1816,CUST0206,2025-09-27,1594.99
1788,CUST0203,2025-09-27,851.32
516,CUST0059,2025-09-27,2928.72
1773,CUST0202,2025-09-27,1246.62
2860,CUST0334,2025-09-27,3519.58
5033,CUST0590,2025-09-27,454.2
3398,CUST0388,2025-09-27,1145.18
3349,CUST0381,2025-09-27,3014.02
860,CUST0094,2025-09-27,902.58
3026,CUST0349,2025-09-28,1037.36
4005,CUST0455,2025-09-28,1768.68
4888,CUST0573,2025-09-28,1332.28
264,CUST0031,2025-09-28,1142.99
4012,CUST0455,2025-09-28,4851.42
67,CUST0007,2025-09-28,4158.06
3758,CUST0432,2025-09-28,516.87
4213,CUST0475,2025-09-28,1186.53
254,CUST0030,2025-09-28,1740.03
4564,CUST0528,2025-09-28,1973.36
4774,CUST0559,2025-09-28,979.94
2388,CUST0284,2025-09-28,3483.64
4161,CUST0469,2025-09-28,1685.53
3524,CUST0407,2025-09-28,1061.96
522,CUST0060,2025-09-29,2330.72
2680,CUST0312,2025-09-29,4770.29
1207,CUST0133,2025-09-29,3371.48
3202,CUST0371,2025-09-29,4051.85
5023,CUST0589,2025-09-29,3810.55
2914,CUST0336,2025-09-29,1511.57
3224,CUST0372,2025-09-29,4922.08
1202,CUST0133,2025-09-29,2692.88
1218,CUST0134,2025-09-29,1971.61
1192,CUST0133,2025-09-29,2970.52
1673,CUST0191,2025-09-29,2902.99
2938,CUST0339,2025-09-29,1235.38
4912,CUST0577,2025-09-29,4811.41
4987,CUST0587,2025-09-29,3790.2
4203,CUST0473,2025-09-29,1950.44
4198,CUST0473,2025-09-29,4832.05
4977,CUST0587,2025-09-29,1638.52
3784,CUST0434,2025-09-29,4752.06
4227,CUST0477,2025-09-29,2412.59
4854,CUST0567,2025-09-30,799.8
4115,CUST0461,2025-09-30,2726.36
3874,CUST0440,2025-09-30,3303.97
1136,CUST0127,2025-09-30,863.15
4656,CUST0543,2025-09-30,1169.11
411,CUST0045,2025-09-30,410.37
38,CUST0006,2025-09-30,438.31
4918,CUST0577,2025-09-30,1907.44
340,CUST0040,2025-10-01,1085.57
425,CUST0047,2025-10-01,2013.89
66,CUST0007,2025-10-01,4140.12
2309,CUST0269,2025-10-01,1344.88
5097,CUST0598,2025-10-01,1030.48
2159,CUST0251,2025-10-01,1518.19
2429,CUST0286,2025-10-01,3601.13
585,CUST0067,2025-10-01,4559.49
2749,CUST0320,2025-10-01,2170.6
3688,CUST0425,2025-10-01,2370.54
125,CUST0015,2025-10-01,1296.26
5125,CUST0600,2025-10-01,1875.14
3039,CUST0352,2025-10-01,1697.2
2193,CUST0255,2025-10-01,1772.95
1258,CUST0144,2025-10-01,1046.37
2684,CUST0312,2025-10-01,3835.27
4831,CUST0565,2025-10-01,1437.66
3211,CUST0372,2025-10-01,3869.9
4118,CUST0461,2025-10-01,1205.67
1249,CUST0142,2025-10-01,1258.43
4801,CUST0563,2025-10-02,4220.56
2374,CUST0282,2025-10-02,1616.56
1050,CUST0113,2025-10-02,560.61
3172,CUST0370,2025-10-02,2833.57
888,CUST0099,2025-10-02,3976.1
2517,CUST0295,2025-10-02,3432.36
595,CUST0069,2025-10-02,3108.39
1395,CUST0157,2025-10-02,403.03
3999,CUST0455,2025-10-02,910.45
3284,CUST0375,2025-10-02,1475.0
3262,CUST0375,2025-10-02,4299.48
1569,CUST0177,2025-10-02,1093.38
3512,CUST0405,2025-10-02,882.59
727,CUST0080,2025-10-02,1802.94
1513,CUST0171,2025-10-02,1937.71
3201,CUST0371,2025-10-03,4933.3
4593,CUST0534,2025-10-03,1049.52
1900,CUST0213,2025-10-03,518.61
3124,CUST0366,2025-10-03,465.24
58,CUST0007,2025-10-03,3301.68
3148,CUST0369,2025-10-03,2212.22
377,CUST0041,2025-10-03,3551.04
3054,CUST0354,2025-10-03,1342.59
4481,CUST0516,2025-10-04,4246.09
1255,CUST0144,2025-10-04,1524.66
4300,CUST0488,2025-10-04,1025.76
3653,CUST0422,2025-10-04,863.05
4587,CUST0531,2025-10-04,1649.77
4176,CUST0471,2025-10-04,2470.46
1129,CUST0126,2025-10-04,1273.48
5090,CUST0597,2025-10-04,1583.46
267,CUST0032,2025-10-04,1483.77
1609,CUST0181,2025-10-04,2293.32
1941,CUST0218,2025-10-04,1940.86
1408,CUST0159,2025-10-04,843.59
4538,CUST0524,2025-10-04,1486.22
886,CUST0099,2025-10-04,1217.07
4534,CUST0522,2025-10-04,522.15
3849,CUST0438,2025-10-05,1228.53
1798,CUST0204,2025-10-05,1003.99
1571,CUST0177,2025-10-05,676.11
5062,CUST0592,2025-10-05,737.2
3521,CUST0407,2025-10-05,708.48
606,CUST0069,2025-10-05,3327.9
566,CUST0065,2025-10-05,2059.71
396,CUST0043,2025-10-05,3611.44
3989,CUST0455,2025-10-05,1779.66
1346,CUST0152,2025-10-05,872.59
4389,CUST0504,2025-10-05,298.41
3943,CUST0449,2025-10-05,848.85
1104,CUST0124,2025-10-05,2633.78
126,CUST0015,2025-10-05,1133.71
853,CUST0093,2025-10-06,1075.6
4087,CUST0460,2025-10-06,4147.18
3664,CUST0423,2025-10-06,1148.76
1214,CUST0134,2025-10-06,1696.22
2172,CUST0252,2025-10-06,981.18
2969,CUST0343,2025-10-06,2239.1
2052,CUST0236,2025-10-06,940.99
105,CUST0011,2025-10-06,2693.53
1267,CUST0145,2025-10-06,1021.48
4326,CUST0494,2025-10-06,401.9
1732,CUST0196,2025-10-06,904.63
4047,CUST0459,2025-10-06,4231.83
4719,CUST0554,2025-10-07,1042.91
5059,CUST0591,2025-10-07,1534.77
1230,CUST0138,2025-10-07,1804.44
2827,CUST0331,2025-10-07,2266.06
1205,CUST0133,2025-10-07,4437.6
305,CUST0035,2025-10-07,1043.24
462,CUST0055,2025-10-07,1278.9
1620,CUST0182,2025-10-07,4741.83
1343,CUST0150,2025-10-07,1861.93
4822,CUST0564,2025-10-07,3938.13
398,CUST0043,2025-10-07,3392.01
2179,CUST0254,2025-10-07,777.16
29,CUST0006,2025-10-07,667.92
1617,CUST0182,2025-10-07,4076.79
54,CUST0007,2025-10-07,1066.17
1831,CUST0207,2025-10-07,3599.39
3774,CUST0434,2025-10-07,2054.42
4054,CUST0459,2025-10-07,1272.52
3037,CUST0352,2025-10-07,963.43
2795,CUST0326,2025-10-08,1164.8
1468,CUST0165,2025-10-08,1165.47
4871,CUST0570,2025-10-08,786.13
1122,CUST0125,2025-10-08,1548.07
4648,CUST0542,2025-10-08,1871.86
1973,CUST0224,2025-10-08,585.12
2360,CUST0279,2025-10-08,1518.23
9,CUST0001,2025-10-08,1474.48
3083,CUST0356,2025-10-08,1393.73
1322,CUST0149,2025-10-08,2832.76
246,CUST0030,2025-10-08,4270.06
3306,CUST0378,2025-10-08,4834.39
3818,CUST0436,2025-10-08,1744.98
923,CUST0100,2025-10-08,2863.96
5094,CUST0598,2025-10-08,1559.27
1159,CUST0129,2025-10-08,1786.89
52,CUST0007,2025-10-09,1017.66
569,CUST0065,2025-10-09,1721.53
945,CUST0101,2025-10-09,4977.52
1812,CUST0206,2025-10-09,1752.1
2946,CUST0340,2025-10-09,1158.69
1650,CUST0186,2025-10-09,1590.45
4806,CUST0563,2025-10-09,2349.31
2448,CUST0291,2025-10-09,3304.66
654,CUST0073,2025-10-09,1561.54
1303,CUST0147,2025-10-09,1753.46
4618,CUST0538,2025-10-09,975.69
4765,CUST0558,2025-10-09,4112.04
2910,CUST0336,2025-10-09,2296.01
4284,CUST0487,2025-10-09,4396.4
442,CUST0050,2025-10-10,1183.83
480,CUST0057,2025-10-10,1395.45
1150,CUST0129,2025-10-10,4397.46
342,CUST0040,2025-10-10,1136.32
2008,CUST0228,2025-10-10,1958.81
1644,CUST0185,2025-10-10,1066.86
546,CUST0062,2025-10-10,1665.36
1306,CUST0147,2025-10-10,1833.02
1361,CUST0153,2025-10-10,3941.62
3734,CUST0430,2025-10-10,2659.61
1296,CUST0146,2025-10-10,2514.1
3633,CUST0419,2025-10-10,1704.57
4081,CUST0460,2025-10-10,3293.16
1811,CUST0206,2025-10-10,1161.75
2258,CUST0263,2025-10-10,4149.06
5015,CUST0589,2025-10-10,2529.48
836,CUST0091,2025-10-11,3202.6
1712,CUST0194,2025-10-11,1344.63
520,CUST0059,2025-10-11,4735.22
1484,CUST0168,2025-10-11,2137.86
1480,CUST0167,2025-10-11,1379.23
2750,CUST0320,2025-10-11,1143.72
4439,CUST0511,2025-10-11,832.14
982,CUST0107,2025-10-11,1473.37
4194,CUST0473,2025-10-11,2136.67
1800,CUST0205,2025-10-11,1856.84
1616,CUST0182,2025-10-11,1916.9
785,CUST0084,2025-10-11,3592.94
4556,CUST0528,2025-10-11,1615.77
3733,CUST0430,2025-10-11,3279.79
1595,CUST0180,2025-10-11,2134.32
3598,CUST0415,2025-10-11,365.61
3118,CUST0363,2025-10-11,955.94
3545,CUST0408,2025-10-11,4295.08
1918,CUST0215,2025-10-11,1437.09
2300,CUST0268,2025-10-11,1047.26
1874,CUST0209,2025-10-12,1561.15
2141,CUST0247,2025-10-12,543.73
203,CUST0023,2025-10-12,1992.62
4681,CUST0547,2025-10-12,3443.29
2211,CUST0259,2025-10-12,1219.62
669,CUST0075,2025-10-12,1392.36
88,CUST0011,2025-10-12,2842.7
4137,CUST0466,2025-10-12,2176.85
4914,CUST0577,2025-10-12,4199.79
996,CUST0109,2025-10-12,1799.41
4135,CUST0466,2025-10-12,1576.74
4568,CUST0529,2025-10-12,2952.2
1942,CUST0218,2025-10-12,1277.6
3721,CUST0430,2025-10-12,3872.74
1574,CUST0178,2025-10-12,828.92
5055,CUST0591,2025-10-12,1349.05
3368,CUST0382,2025-10-12,1993.7
3797,CUST0435,2025-10-12,4213.31
272,CUST0032,2025-10-12,2074.59
1016,CUST0110,2025-10-13,980.63
1124,CUST0125,2025-10-13,528.8
4733,CUST0556,2025-10-13,1881.75
2102,CUST0244,2025-10-13,408.06
2798,CUST0327,2025-10-13,643.54
3399,CUST0388,2025-10-13,1629.29
301,CUST0033,2025-10-13,1346.36
4738,CUST0557,2025-10-13,4464.36
2311,CUST0269,2025-10-13,1530.26
4436,CUST0511,2025-10-13,1911.69
1359,CUST0153,2025-10-13,4584.04
3835,CUST0437,2025-10-13,3793.57
929,CUST0101,2025-10-13,4187.68
5040,CUST0590,2025-10-13,869.17
2228,CUST0260,2025-10-13,4518.0
1880,CUST0210,2025-10-13,1933.36
1707,CUST0194,2025-10-13,1859.36
1910,CUST0214,2025-10-13,2060.45
3870,CUST0440,2025-10-14,2582.87
5119,CUST0600,2025-10-14,4309.25
2934,CUST0338,2025-10-14,1443.8
4159,CUST0469,2025-10-14,1985.37
352,CUST0041,2025-10-14,2834.47
4477,CUST0516,2025-10-14,1093.55
4180,CUST0471,2025-10-14,4744.26
2217,CUST0260,2025-10-14,3427.01
397,CUST0043,2025-10-14,2687.62
4493,CUST0516,2025-10-14,884.05
3159,CUST0370,2025-10-14,2496.7
1799,CUST0204,2025-10-14,328.3
3684,CUST0425,2025-10-14,4848.03
550,CUST0063,2025-10-14,675.77
2575,CUST0300,2025-10-14,3176.58
4691,CUST0547,2025-10-14,3350.36
3815,CUST0436,2025-10-14,1302.54
32,CUST0006,2025-10-14,2360.75
39,CUST0006,2025-10-14,2463.0
164,CUST0020,2025-10-14,1245.36
1580,CUST0178,2025-10-15,2439.42
618,CUST0071,2025-10-15,1583.57
375,CUST0041,2025-10-15,3846.08
74,CUST0009,2025-10-15,1829.28
4441,CUST0512,2025-10-15,1025.89
660,CUST0073,2025-10-15,2843.71
1368,CUST0153,2025-10-15,2136.04
3568,CUST0410,2025-10-15,1115.85
1554,CUST0174,2025-10-15,2045.35
847,CUST0092,2025-10-15,1333.44
4235,CUST0477,2025-10-15,862.2
4709,CUST0550,2025-10-15,371.35
2202,CUST0257,2025-10-15,1660.48
279,CUST0033,2025-10-15,922.84
1450,CUST0165,2025-10-15,4411.14
775,CUST0084,2025-10-15,1092.49
3185,CUST0371,2025-10-15,2546.84
4775,CUST0559,2025-10-15,1364.51
1041,CUST0112,2025-10-15,1672.91
619,CUST0071,2025-10-15,1963.28
4793,CUST0562,2025-10-15,1162.7
4426,CUST0510,2025-10-15,1867.04
4252,CUST0482,2025-10-16,1889.16
2101,CUST0243,2025-10-16,795.33
4908,CUST0577,2025-10-16,2645.68
1541,CUST0172,2025-10-16,1375.78
3057,CUST0355,2025-10-16,1250.44
1893,CUST0212,2025-10-16,521.86
158,CUST0019,2025-10-16,2208.24
1761,CUST0201,2025-10-16,1200.51
166,CUST0020,2025-10-16,1285.58
3359,CUST0381,2025-10-16,1363.65
2997,CUST0346,2025-10-16,1429.57
4459,CUST0515,2025-10-16,4248.33
1857,CUST0209,2025-10-16,1213.38
215,CUST0024,2025-10-16,2210.29
737,CUST0081,2025-10-16,659.42
1279,CUST0146,2025-10-16,1823.66
3826,CUST0437,2025-10-16,2136.39
1700,CUST0192,2025-10-16,1210.2
3769,CUST0434,2025-10-16,2218.54
2345,CUST0277,2025-10-16,313.2
189,CUST0022,2025-10-17,930.97
1882,CUST0210,2025-10-17,667.9
176,CUST0021,2025-10-17,1320.88
337,CUST0039,2025-10-17,331.22
22,CUST0005,2025-10-17,587.33
2355,CUST0278,2025-10-17,1592.56
4952,CUST0584,2025-10-17,1917.11
3370,CUST0382,2025-10-17,1832.46
2626,CUST0306,2025-10-17,1691.63
4112,CUST0461,2025-10-17,2368.78
989,CUST0108,2025-10-17,832.69
962,CUST0103,2025-10-17,908.69
667,CUST0075,2025-10-17,1316.98
3448,CUST0395,2025-10-17,2261.37
675,CUST0077,2025-10-17,341.13
3179,CUST0370,2025-10-17,4321.08
2762,CUST0322,2025-10-17,1085.47
2735,CUST0319,2025-10-17,1244.75
3934,CUST0448,2025-10-17,708.14
2549,CUST0298,2025-10-18,1262.98
1231,CUST0138,2025-10-18,1699.07
1590,CUST0180,2025-10-18,2009.62
1288,CUST0146,2025-10-18,1292.26
4350,CUST0498,2025-10-18,1582.53
731,CUST0080,2025-10-18,2243.39
3917,CUST0444,2025-10-18,704.57
4925,CUST0577,2025-10-18,2336.24
4129,CUST0463,2025-10-18,797.32
4772,CUST0559,2025-10-18,1227.12
1342,CUST0150,2025-10-18,1571.65
4270,CUST0486,2025-10-18,885.96
2727,CUST0318,2025-10-18,1741.21
575,CUST0066,2025-10-18,1082.05
4055,CUST0459,2025-10-18,2198.63
2327,CUST0271,2025-10-18,429.67
2259,CUST0263,2025-10-18,2346.65
2497,CUST0293,2025-10-18,549.28
4546,CUST0526,2025-10-18,1392.33
2472,CUST0292,2025-10-18,1778.09
3295,CUST0376,2025-10-18,1803.86
3303,CUST0378,2025-10-18,1036.24
4342,CUST0498,2025-10-19,2312.6
4333,CUST0496,2025-10-19,707.38
4813,CUST0563,2025-10-19,1856.35
831,CUST0091,2025-10-19,2792.01
3470,CUST0400,2025-10-19,1244.39
805,CUST0086,2025-10-19,875.34
1335,CUST0149,2025-10-19,3456.04
889,CUST0099,2025-10-19,2014.83
2682,CUST0312,2025-10-19,4380.68
2594,CUST0301,2025-10-19,1998.7
108,CUST0012,2025-10-19,563.83
3976,CUST0452,2025-10-19,1299.52
3575,CUST0410,2025-10-19,2100.15
3950,CUST0450,2025-10-19,3127.51
3661,CUST0423,2025-10-19,4423.24
3218,CUST0372,2025-10-19,2828.66
4244,CUST0481,2025-10-19,1636.75
4077,CUST0460,2025-10-19,3886.93
3928,CUST0447,2025-10-19,224.0
1614,CUST0181,2025-10-19,2122.9
5009,CUST0588,2025-10-19,2822.47
2384,CUST0284,2025-10-20,962.78
4771,CUST0558,2025-10-20,4522.78
1350,CUST0152,2025-10-20,2033.85
1495,CUST0169,2025-10-20,1268.69
5100,CUST0598,2025-10-20,1201.4
1739,CUST0197,2025-10-20,841.12
1308,CUST0147,2025-10-20,1791.5
1990,CUST0225,2025-10-20,2314.18
4562,CUST0528,2025-10-20,1392.87
3475,CUST0401,2025-10-20,2540.61
3641,CUST0420,2025-10-20,353.0
2571,CUST0300,2025-10-20,3744.81
3671,CUST0423,2025-10-20,3676.05
4825,CUST0564,2025-10-20,1076.9
4078,CUST0460,2025-10-20,4420.84
3920,CUST0445,2025-10-21,786.89
4100,CUST0461,2025-10-21,1606.54
1477,CUST0167,2025-10-21,484.12
2215,CUST0260,2025-10-21,4617.07
512,CUST0059,2025-10-21,3067.82
4638,CUST0540,2025-10-21,1230.65
2192,CUST0255,2025-10-21,1695.1
2776,CUST0324,2025-10-21,1907.53
1625,CUST0182,2025-10-21,3174.76
2747,CUST0320,2025-10-21,2313.82
3396,CUST0388,2025-10-21,1462.2
1813,CUST0206,2025-10-21,1355.15
2361,CUST0280,2025-10-21,1034.79
849,CUST0092,2025-10-21,1921.86
3567,CUST0410,2025-10-21,2914.99
295,CUST0033,2025-10-22,4778.65
563,CUST0065,2025-10-22,1212.87
1294,CUST0146,2025-10-22,3367.61
2731,CUST0318,2025-10-22,1245.31
986,CUST0108,2025-10-22,1882.51
4337,CUST0498,2025-10-22,3579.52
1046,CUST0112,2025-10-22,1622.64
473,CUST0057,2025-10-22,1442.53
3119,CUST0364,2025-10-22,754.81
5051,CUST0591,2025-10-22,4737.61
1906,CUST0214,2025-10-23,1716.63
2190,CUST0254,2025-10-23,2381.93
4017,CUST0457,2025-10-23,2223.77
191,CUST0022,2025-10-23,1015.99
4256,CUST0482,2025-10-23,1170.44
1352,CUST0152,2025-10-23,716.28
484,CUST0057,2025-10-23,866.45
5105,CUST0598,2025-10-23,484.03
4836,CUST0565,2025-10-23,665.78
3911,CUST0443,2025-10-23,853.19
4702,CUST0548,2025-10-23,1973.08
3711,CUST0430,2025-10-23,2273.1
794,CUST0085,2025-10-23,667.65
2154,CUST0250,2025-10-23,690.03
5060,CUST0591,2025-10-23,4455.73
2991,CUST0346,2025-10-23,1313.31
3250,CUST0373,2025-10-23,1262.07
838,CUST0091,2025-10-23,2467.46
2188,CUST0254,2025-10-23,2151.74
4642,CUST0540,2025-10-23,4248.73
1398,CUST0158,2025-10-24,1465.69
3998,CUST0455,2025-10-24,4177.26
4896,CUST0574,2025-10-24,1888.75
130,CUST0016,2025-10-24,1522.36
806,CUST0086,2025-10-24,1657.5
809,CUST0087,2025-10-24,615.06
3014,CUST0348,2025-10-24,4501.45
1887,CUST0210,2025-10-24,1777.4
3649,CUST0422,2025-10-24,316.74
3645,CUST0421,2025-10-24,698.62
3603,CUST0415,2025-10-24,1327.02
5011,CUST0588,2025-10-24,2877.4
3362,CUST0381,2025-10-24,1875.29
4046,CUST0459,2025-10-24,2707.76
4090,CUST0460,2025-10-24,2741.92
1971,CUST0223,2025-10-24,2090.01
243,CUST0030,2025-10-24,2953.29
214,CUST0024,2025-10-24,2070.22
449,CUST0052,2025-10-24,1826.65
2547,CUST0298,2025-10-24,2072.42
4619,CUST0538,2025-10-24,1729.36
2358,CUST0279,2025-10-24,1922.93
5049,CUST0591,2025-10-25,2435.42
3285,CUST0375,2025-10-25,4562.33
557,CUST0064,2025-10-25,1710.18
3742,CUST0431,2025-10-25,1838.26
2230,CUST0260,2025-10-25,2429.49
1498,CUST0169,2025-10-25,1639.33
1708,CUST0194,2025-10-25,543.58
1263,CUST0144,2025-10-25,2297.47
706,CUST0079,2025-10-25,1277.78
1902,CUST0213,2025-10-25,1514.5
4048,CUST0459,2025-10-25,4092.46
3346,CUST0381,2025-10-25,2664.2
2427,CUST0286,2025-10-25,2089.11
1436,CUST0163,2025-10-25,565.17
2694,CUST0313,2025-10-25,4997.73
3823,CUST0437,2025-10-25,4987.95
3969,CUST0450,2025-10-26,4636.75
4276,CUST0487,2025-10-26,1687.3
3197,CUST0371,2025-10-26,2735.65
969,CUST0106,2025-10-26,794.47
3240,CUST0373,2025-10-26,2716.53
4470,CUST0516,2025-10-26,1914.55
2527,CUST0295,2025-10-26,3446.74
538,CUST0062,2025-10-26,767.16
4891,CUST0573,2025-10-26,1418.62
1670,CUST0190,2025-10-26,1739.59
250,CUST0030,2025-10-26,1530.36
4847,CUST0567,2025-10-26,2301.28
1790,CUST0203,2025-10-26,1611.66
2563,CUST0300,2025-10-26,3875.32
1779,CUST0202,2025-10-26,2467.18
4064,CUST0459,2025-10-26,3313.97
4444,CUST0512,2025-10-26,834.52
646,CUST0073,2025-10-26,4336.28
2444,CUST0291,2025-10-26,1324.45
1692,CUST0191,2025-10-26,1350.09
4344,CUST0498,2025-10-26,3294.27
77,CUST0009,2025-10-26,865.79
3795,CUST0435,2025-10-26,4547.04
1556,CUST0175,2025-10-26,475.55
3069,CUST0355,2025-10-27,1602.64
4922,CUST0577,2025-10-27,1372.26
4986,CUST0587,2025-10-27,4738.87
4621,CUST0538,2025-10-27,2308.53
2163,CUST0251,2025-10-27,660.63
1895,CUST0212,2025-10-27,1850.33
3872,CUST0440,2025-10-27,1444.13
3578,CUST0411,2025-10-27,1307.65
2342,CUST0277,2025-10-27,1971.68
4006,CUST0455,2025-10-27,4040.67
3314,CUST0378,2025-10-27,3650.91
2870,CUST0334,2025-10-27,2055.49
1675,CUST0191,2025-10-27,2604.42
360,CUST0041,2025-10-27,2214.96
4786,CUST0562,2025-10-27,1087.49
161,CUST0019,2025-10-27,2079.7
2006,CUST0228,2025-10-27,2210.36
1786,CUST0203,2025-10-27,741.59
4060,CUST0459,2025-10-27,1055.83
2436,CUST0289,2025-10-28,804.24
4501,CUST0517,2025-10-28,1575.75
4983,CUST0587,2025-10-28,2024.62
4596,CUST0535,2025-10-28,1891.79
2748,CUST0320,2025-10-28,1205.92
1659,CUST0188,2025-10-28,433.36
2040,CUST0235,2025-10-28,2044.64
3310,CUST0378,2025-10-28,2710.79
1181,CUST0132,2025-10-28,817.88
1427,CUST0162,2025-10-28,695.26
4218,CUST0477,2025-10-28,3248.68
142,CUST0017,2025-10-28,774.94
2686,CUST0313,2025-10-28,1784.35
2506,CUST0294,2025-10-28,2199.9
3866,CUST0440,2025-10-28,4742.03
2647,CUST0310,2025-10-28,1072.12
2674,CUST0312,2025-10-28,1968.07
278,CUST0033,2025-10-29,4837.52
1978,CUST0224,2025-10-29,1367.89
6,CUST0001,2025-10-29,1849.83
4966,CUST0586,2025-10-29,2030.84
1706,CUST0194,2025-10-29,516.73
3190,CUST0371,2025-10-29,1076.49
4863,CUST0568,2025-10-29,2129.82
2187,CUST0254,2025-10-29,1244.84
5010,CUST0588,2025-10-29,1442.13
1321,CUST0149,2025-10-29,4291.74
720,CUST0080,2025-10-29,4102.37
2671,CUST0312,2025-10-29,3085.26
994,CUST0109,2025-10-30,1878.1
4827,CUST0564,2025-10-30,4503.19
3666,CUST0423,2025-10-30,4190.85
4578,CUST0529,2025-10-30,3950.39
1086,CUST0120,2025-10-30,1269.7
2681,CUST0312,2025-10-30,3250.39
1506,CUST0169,2025-10-30,2558.05
205,CUST0023,2025-10-30,2459.21
1694,CUST0191,2025-10-30,988.99
1406,CUST0159,2025-10-30,1674.38
887,CUST0099,2025-10-30,2460.82
1950,CUST0221,2025-10-30,940.35
4980,CUST0587,2025-10-30,3181.17
926,CUST0101,2025-10-31,3848.01
3151,CUST0369,2025-10-31,716.28
2540,CUST0297,2025-10-31,1121.33
4948,CUST0584,2025-10-31,1972.73
382,CUST0043,2025-10-31,3327.79
3939,CUST0449,2025-10-31,978.44
2916,CUST0336,2025-10-31,4664.16
4668,CUST0546,2025-10-31,1099.48
1716,CUST0195,2025-10-31,434.11
3031,CUST0350,2025-10-31,1367.37
1559,CUST0175,2025-10-31,1948.53
2289,CUST0266,2025-10-31,1266.33
1803,CUST0205,2025-11-01,853.66
4732,CUST0556,2025-11-01,1564.86
2222,CUST0260,2025-11-01,1421.43
3530,CUST0408,2025-11-01,3180.59
988,CUST0108,2025-11-01,1260.47
3550,CUST0408,2025-11-01,1368.01
4011,CUST0455,2025-11-01,3606.36
1038,CUST0112,2025-11-01,1029.58
1101,CUST0123,2025-11-01,1978.72
4463,CUST0515,2025-11-01,2117.02
2380,CUST0283,2025-11-01,1025.71
3460,CUST0398,2025-11-01,2167.83
1396,CUST0157,2025-11-01,342.44
1868,CUST0209,2025-11-01,3449.01
1774,CUST0202,2025-11-01,2289.86
62,CUST0007,2025-11-01,2515.78
3687,CUST0425,2025-11-02,2491.66
419,CUST0046,2025-11-02,1542.41
2743,CUST0319,2025-11-02,1196.5
2587,CUST0301,2025-11-02,1562.85
1944,CUST0219,2025-11-02,651.19
4989,CUST0588,2025-11-02,2687.04
2447,CUST0291,2025-11-02,3073.72
3636,CUST0420,2025-11-02,757.39
2691,CUST0313,2025-11-02,4954.33
3445,CUST0395,2025-11-02,2292.47
1927,CUST0217,2025-11-02,885.27
583,CUST0067,2025-11-02,2738.21
3200,CUST0371,2025-11-02,4440.79
1027,CUST0111,2025-11-02,2000.85
1996,CUST0225,2025-11-02,1347.66
2975,CUST0344,2025-11-02,1821.78
2624,CUST0306,2025-11-02,428.9
2244,CUST0261,2025-11-02,1663.13
1619,CUST0182,2025-11-02,2610.13
162,CUST0019,2025-11-02,1418.03
412,CUST0045,2025-11-03,1742.15
379,CUST0043,2025-11-03,2756.41
4144,CUST0467,2025-11-03,634.35
4085,CUST0460,2025-11-03,1250.67
3648,CUST0421,2025-11-03,974.44
2669,CUST0312,2025-11-03,2089.77
1565,CUST0176,2025-11-03,560.52
4336,CUST0497,2025-11-03,1095.78
3843,CUST0437,2025-11-03,1554.57
4680,CUST0547,2025-11-03,3859.08
3238,CUST0373,2025-11-03,2507.87
4767,CUST0558,2025-11-03,2255.02
148,CUST0017,2025-11-03,1080.38
3970,CUST0450,2025-11-04,2729.88
4014,CUST0455,2025-11-04,2296.82
3896,CUST0441,2025-11-04,1201.9
3984,CUST0453,2025-11-04,1291.83
2182,CUST0254,2025-11-04,622.94
4873,CUST0570,2025-11-04,2313.64
2541,CUST0297,2025-11-04,1504.59
2554,CUST0298,2025-11-04,1344.32
3716,CUST0430,2025-11-04,4038.36
3697,CUST0427,2025-11-04,1431.96
2838,CUST0332,2025-11-04,1137.92
2567,CUST0300,2025-11-04,1091.09
1045,CUST0112,2025-11-04,1969.63
1881,CUST0210,2025-11-04,2247.16
1026,CUST0111,2025-11-04,487.48
1432,CUST0162,2025-11-04,1827.0
440,CUST0050,2025-11-04,1583.22
1475,CUST0167,2025-11-04,887.32
1197,CUST0133,2025-11-04,1087.0
1728,CUST0196,2025-11-04,1534.63
1454,CUST0165,2025-11-04,2942.62
492,CUST0058,2025-11-05,1329.06
2592,CUST0301,2025-11-05,2404.63
1247,CUST0142,2025-11-05,990.18
4354,CUST0498,2025-11-05,3517.69
4686,CUST0547,2025-11-05,1498.51
3403,CUST0388,2025-11-05,1357.93
2966,CUST0343,2025-11-05,1730.94
2548,CUST0298,2025-11-05,2271.15
1501,CUST0169,2025-11-05,4397.27
4838,CUST0565,2025-11-05,549.11
2879,CUST0334,2025-11-05,3150.39
4856,CUST0568,2025-11-05,1311.55
3751,CUST0431,2025-11-05,3723.33
4190,CUST0473,2025-11-05,3464.18
5063,CUST0592,2025-11-05,1299.78
1602,CUST0180,2025-11-05,2472.56
416,CUST0046,2025-11-05,823.48
3301,CUST0378,2025-11-05,1211.0
1896,CUST0212,2025-11-05,1318.81
4007,CUST0455,2025-11-06,4403.13
3670,CUST0423,2025-11-06,3917.7
317,CUST0037,2025-11-06,1540.79
1592,CUST0180,2025-11-06,4610.45
2044,CUST0235,2025-11-06,563.5
3487,CUST0401,2025-11-06,1396.99
3878,CUST0440,2025-11-06,1859.25
2034,CUST0231,2025-11-06,1027.86
3728,CUST0430,2025-11-06,3242.94
3909,CUST0443,2025-11-06,1822.98
3180,CUST0371,2025-11-06,4536.95
2426,CUST0286,2025-11-06,3666.55
4285,CUST0487,2025-11-06,1759.32
4297,CUST0488,2025-11-06,558.66
376,CUST0041,2025-11-06,4468.38
1132,CUST0126,2025-11-06,663.25
609,CUST0069,2025-11-06,1338.0
3766,CUST0433,2025-11-06,740.36
258,CUST0031,2025-11-06,375.44
2452,CUST0291,2025-11-06,3635.97
1907,CUST0214,2025-11-07,1684.46
154,CUST0018,2025-11-07,1290.13
325,CUST0038,2025-11-07,3145.33
2668,CUST0312,2025-11-07,1516.26
4881,CUST0572,2025-11-07,1345.11
828,CUST0091,2025-11-07,4611.0
3577,CUST0411,2025-11-07,1267.11
3540,CUST0408,2025-11-07,4604.57
198,CUST0022,2025-11-07,809.83
4695,CUST0547,2025-11-07,4158.23
984,CUST0107,2025-11-07,1884.65
1004,CUST0110,2025-11-07,2353.22
2451,CUST0291,2025-11-07,3805.61
3360,CUST0381,2025-11-07,4813.69
223,CUST0026,2025-11-07,696.03
515,CUST0059,2025-11-07,4431.68
1826,CUST0207,2025-11-07,860.19
639,CUST0073,2025-11-07,3382.91
1441,CUST0165,2025-11-07,2725.41
475,CUST0057,2025-11-07,2786.15
1463,CUST0165,2025-11-07,4593.4
2841,CUST0332,2025-11-08,1350.37
652,CUST0073,2025-11-08,2533.01
2832,CUST0331,2025-11-08,1209.66
173,CUST0021,2025-11-08,650.92
4029,CUST0457,2025-11-08,1103.86
3100,CUST0358,2025-11-08,834.83
4464,CUST0515,2025-11-08,3934.27
3932,CUST0448,2025-11-08,1765.97
2876,CUST0334,2025-11-08,4930.23
2065,CUST0238,2025-11-09,4780.67
2025,CUST0230,2025-11-09,1256.13
4795,CUST0562,2025-11-09,1856.86
658,CUST0073,2025-11-09,3235.93
1103,CUST0124,2025-11-09,2611.8
3374,CUST0383,2025-11-09,977.03
2556,CUST0299,2025-11-09,1747.69
286,CUST0033,2025-11-09,1153.21
4061,CUST0459,2025-11-09,2106.09
1577,CUST0178,2025-11-09,1663.53
3839,CUST0437,2025-11-09,892.96
4916,CUST0577,2025-11-09,1358.59
2036,CUST0233,2025-11-09,1269.44
3908,CUST0443,2025-11-09,2498.56
725,CUST0080,2025-11-09,4486.89
2892,CUST0335,2025-11-09,3129.41
387,CUST0043,2025-11-09,2308.78
1453,CUST0165,2025-11-09,1329.21
4911,CUST0577,2025-11-10,1821.87
2965,CUST0343,2025-11-10,532.83
1033,CUST0111,2025-11-10,1172.24
3265,CUST0375,2025-11-10,3825.57
2262,CUST0263,2025-11-10,2760.89
2218,CUST0260,2025-11-10,3977.09
339,CUST0040,2025-11-10,2029.19
2291,CUST0267,2025-11-10,1808.62
3560,CUST0410,2025-11-10,3545.87
304,CUST0035,2025-11-11,881.89
2095,CUST0240,2025-11-11,2312.74
1102,CUST0123,2025-11-11,767.97
651,CUST0073,2025-11-11,1378.86
5082,CUST0594,2025-11-11,961.39
4869,CUST0570,2025-11-11,933.44
695,CUST0078,2025-11-11,941.18
2468,CUST0291,2025-11-11,1788.61
3528,CUST0408,2025-11-11,2729.91
116,CUST0014,2025-11-11,1279.74
1919,CUST0215,2025-11-11,799.01
2130,CUST0245,2025-11-11,3005.21
4788,CUST0562,2025-11-11,2161.18
615,CUST0071,2025-11-11,1687.11
3464,CUST0399,2025-11-11,596.84
3787,CUST0435,2025-11-11,912.04
2449,CUST0291,2025-11-11,4859.55
391,CUST0043,2025-11-11,837.93
3975,CUST0452,2025-11-12,907.3
5112,CUST0599,2025-11-12,1260.76
1314,CUST0149,2025-11-12,2674.82
598,CUST0069,2025-11-12,4575.38
3788,CUST0435,2025-11-12,4865.9
4684,CUST0547,2025-11-12,4606.69
1829,CUST0207,2025-11-12,4108.52
3844,CUST0437,2025-11-12,3173.3
4502,CUST0517,2025-11-12,1040.11
5065,CUST0592,2025-11-12,678.0
517,CUST0059,2025-11-12,1065.06
3332,CUST0380,2025-11-12,984.26
4941,CUST0584,2025-11-12,2070.1
1235,CUST0139,2025-11-12,2333.61
1624,CUST0182,2025-11-12,2552.21
2475,CUST0292,2025-11-12,2099.74
533,CUST0061,2025-11-12,2448.78
2232,CUST0260,2025-11-12,3955.98
2090,CUST0240,2025-11-12,1265.97
3208,CUST0371,2025-11-12,1804.89
2155,CUST0250,2025-11-13,1313.91
1461,CUST0165,2025-11-13,1494.27
3663,CUST0423,2025-11-13,4899.53
3010,CUST0348,2025-11-13,1470.95
2490,CUST0292,2025-11-13,2962.09
4499,CUST0517,2025-11-13,820.02
4718,CUST0553,2025-11-13,1155.86
3482,CUST0401,2025-11-13,866.58
1632,CUST0182,2025-11-13,4893.7
1331,CUST0149,2025-11-13,2441.17
576,CUST0067,2025-11-13,2456.8
4291,CUST0487,2025-11-13,3096.05
3820,CUST0436,2025-11-13,306.32
3628,CUST0419,2025-11-13,1612.81
3828,CUST0437,2025-11-13,3201.68
4665,CUST0545,2025-11-13,1365.29
323,CUST0038,2025-11-13,1292.69
361,CUST0041,2025-11-13,4116.73
1557,CUST0175,2025-11-13,1642.14
4126,CUST0463,2025-11-14,388.87
2623,CUST0305,2025-11-14,979.42
1856,CUST0209,2025-11-14,2208.56
766,CUST0084,2025-11-14,1222.68
1939,CUST0218,2025-11-14,558.21
951,CUST0102,2025-11-14,1803.52
1762,CUST0201,2025-11-14,1870.98
4730,CUST0556,2025-11-14,804.89
616,CUST0071,2025-11-14,1794.76
1905,CUST0213,2025-11-14,1281.1
2419,CUST0286,2025-11-14,1069.8
733,CUST0080,2025-11-14,1242.99
1871,CUST0209,2025-11-14,2564.05
2134,CUST0247,2025-11-14,1792.95
2493,CUST0292,2025-11-14,3502.4
1817,CUST0206,2025-11-15,2409.5
1967,CUST0223,2025-11-15,4089.5
1190,CUST0133,2025-11-15,2982.76
602,CUST0069,2025-11-15,3027.27
81,CUST0010,2025-11-15,1501.87
1177,CUST0132,2025-11-15,551.43
3449,CUST0395,2025-11-15,1801.44
4261,CUST0484,2025-11-15,408.94
2324,CUST0270,2025-11-15,2072.95
2251,CUST0262,2025-11-15,468.83
2463,CUST0291,2025-11-15,3489.88
4969,CUST0587,2025-11-15,3741.29
2402,CUST0284,2025-11-15,4871.86
2326,CUST0270,2025-11-16,871.2
3576,CUST0410,2025-11-16,1167.82
4984,CUST0587,2025-11-16,1208.09
3741,CUST0431,2025-11-16,844.81
3858,CUST0439,2025-11-16,1451.08
4940,CUST0583,2025-11-16,789.43
4376,CUST0502,2025-11-16,862.87
1954,CUST0221,2025-11-16,1788.33
629,CUST0072,2025-11-16,1961.19
5061,CUST0591,2025-11-17,3971.34
981,CUST0107,2025-11-17,1245.14
238,CUST0028,2025-11-17,1478.8
4438,CUST0511,2025-11-17,1164.13
790,CUST0085,2025-11-17,1198.84
40,CUST0007,2025-11-17,4653.06
4273,CUST0487,2025-11-17,3721.85
4322,CUST0494,2025-11-17,2341.79
3713,CUST0430,2025-11-17,3181.45
3799,CUST0435,2025-11-17,3756.44
932,CUST0101,2025-11-17,4550.98
4345,CUST0498,2025-11-17,2464.7
1965,CUST0223,2025-11-17,4763.01
2464,CUST0291,2025-11-18,2614.36
2229,CUST0260,2025-11-18,2922.53
245,CUST0030,2025-11-18,954.27
4125,CUST0462,2025-11-18,1876.76
1804,CUST0205,2025-11-18,1325.67
2828,CUST0331,2025-11-18,1268.84
991,CUST0109,2025-11-18,1192.37
2317,CUST0270,2025-11-18,1683.82
3484,CUST0401,2025-11-18,2636.12
1633,CUST0182,2025-11-18,1772.2
4504,CUST0517,2025-11-18,433.05
3602,CUST0415,2025-11-18,344.47
1332,CUST0149,2025-11-18,3342.73
1011,CUST0110,2025-11-18,4709.39
2917,CUST0336,2025-11-18,4687.45
4853,CUST0567,2025-11-18,647.51
5013,CUST0588,2025-11-18,3605.49
1139,CUST0127,2025-11-18,970.99
1127,CUST0125,2025-11-19,883.87
3194,CUST0371,2025-11-19,2824.38
2968,CUST0343,2025-11-19,1507.92
2223,CUST0260,2025-11-19,4358.53
762,CUST0084,2025-11-19,1868.15
3162,CUST0370,2025-11-19,1350.26
691,CUST0078,2025-11-19,4105.93
1994,CUST0225,2025-11-19,1466.29
690,CUST0078,2025-11-19,1958.02
4433,CUST0511,2025-11-19,1282.15
3513,CUST0405,2025-11-19,1116.2
2819,CUST0330,2025-11-19,987.51
4265,CUST0484,2025-11-19,750.27
165,CUST0020,2025-11-19,692.65
1229,CUST0138,2025-11-20,1917.53
4924,CUST0577,2025-11-20,4790.76
4820,CUST0564,2025-11-20,3320.59
2923,CUST0336,2025-11-20,1849.53
2320,CUST0270,2025-11-20,2281.03
1869,CUST0209,2025-11-20,1559.75
2207,CUST0258,2025-11-20,1938.26
257,CUST0031,2025-11-20,520.18
2500,CUST0294,2025-11-20,1595.94
3420,CUST0392,2025-11-20,869.93
1357,CUST0153,2025-11-20,4571.26
2522,CUST0295,2025-11-21,4632.94
2939,CUST0339,2025-11-21,1282.03
369,CUST0041,2025-11-21,3854.11
132,CUST0016,2025-11-21,2007.25
4693,CUST0547,2025-11-21,2188.52
1549,CUST0174,2025-11-21,2082.06
326,CUST0038,2025-11-21,3244.28
2409,CUST0286,2025-11-21,3846.37
2026,CUST0231,2025-11-21,1986.63
4031,CUST0457,2025-11-21,2418.77
4629,CUST0540,2025-11-21,4882.8
3722,CUST0430,2025-11-21,1245.73
265,CUST0032,2025-11-21,1834.84
4407,CUST0506,2025-11-21,1948.18
4625,CUST0539,2025-11-21,565.53
1988,CUST0225,2025-11-21,2378.32
3307,CUST0378,2025-11-21,4764.97
2432,CUST0287,2025-11-22,851.16
3416,CUST0392,2025-11-22,479.16
2434,CUST0289,2025-11-22,2369.09
1989,CUST0225,2025-11-22,692.43
3723,CUST0430,2025-11-22,2116.14
786,CUST0084,2025-11-22,3533.23
1328,CUST0149,2025-11-22,3405.99
863,CUST0095,2025-11-22,412.95
4181,CUST0471,2025-11-22,1827.39
4833,CUST0565,2025-11-22,1882.47
2800,CUST0328,2025-11-22,1775.95
693,CUST0078,2025-11-22,4062.18
3244,CUST0373,2025-11-23,1251.14
3586,CUST0411,2025-11-23,754.55
2666,CUST0312,2025-11-23,4047.3
364,CUST0041,2025-11-23,1759.51
4595,CUST0535,2025-11-23,742.36
1097,CUST0123,2025-11-23,1153.01
3710,CUST0430,2025-11-23,1670.59
927,CUST0101,2025-11-23,2511.85
4770,CUST0558,2025-11-23,4446.96
1347,CUST0152,2025-11-23,2134.43
1000,CUST0110,2025-11-23,3505.43
3055,CUST0354,2025-11-23,876.19
2461,CUST0291,2025-11-23,3625.89
1785,CUST0203,2025-11-23,666.33
3601,CUST0415,2025-11-23,1317.12
5117,CUST0600,2025-11-24,2358.47
3188,CUST0371,2025-11-24,2971.9
4828,CUST0564,2025-11-24,1082.23
3565,CUST0410,2025-11-24,2455.15
1327,CUST0149,2025-11-24,861.44
2091,CUST0240,2025-11-24,517.06
1767,CUST0202,2025-11-24,4118.06
3762,CUST0433,2025-11-24,621.91
96,CUST0011,2025-11-24,3262.17
2032,CUST0231,2025-11-24,1917.37
679,CUST0077,2025-11-24,1731.29
4995,CUST0588,2025-11-24,962.48
1957,CUST0223,2025-11-24,4383.98
2045,CUST0235,2025-11-25,1400.71
4023,CUST0457,2025-11-25,2488.2
3619,CUST0417,2025-11-25,1014.02
3840,CUST0437,2025-11-25,2538.49
1669,CUST0190,2025-11-25,1784.79
75,CUST0009,2025-11-25,689.34
136,CUST0016,2025-11-25,1258.34
3942,CUST0449,2025-11-25,1636.03
3296,CUST0376,2025-11-25,482.51
4791,CUST0562,2025-11-25,2498.67
47,CUST0007,2025-11-25,2931.96
2294,CUST0267,2025-11-25,1935.5
3166,CUST0370,2025-11-25,2333.2
4963,CUST0586,2025-11-25,1781.56
1519,CUST0172,2025-11-25,4965.12
3126,CUST0366,2025-11-25,903.89
1597,CUST0180,2025-11-25,2114.81
2595,CUST0301,2025-11-25,4856.51
4110,CUST0461,2025-11-25,4049.32
1385,CUST0156,2025-11-26,2393.32
3418,CUST0392,2025-11-26,711.01
970,CUST0106,2025-11-26,1456.48
4377,CUST0502,2025-11-26,352.91
2782,CUST0324,2025-11-26,2033.61
4936,CUST0581,2025-11-26,1352.59
1505,CUST0169,2025-11-26,4056.03
2319,CUST0270,2025-11-26,757.97
1145,CUST0129,2025-11-26,4668.18
1324,CUST0149,2025-11-26,1004.36
1546,CUST0173,2025-11-26,927.77
3662,CUST0423,2025-11-26,1767.44
4032,CUST0457,2025-11-26,4336.11
86,CUST0011,2025-11-26,3336.62
924,CUST0101,2025-11-26,2653.14
3094,CUST0357,2025-11-26,4372.15
2855,CUST0333,2025-11-26,2258.61
1521,CUST0172,2025-11-27,2701.82
2351,CUST0278,2025-11-27,891.3
3749,CUST0431,2025-11-27,858.59
2383,CUST0284,2025-11-27,3439.31
3978,CUST0453,2025-11-27,2291.4
368,CUST0041,2025-11-27,1882.27
726,CUST0080,2025-11-27,1478.8
2972,CUST0343,2025-11-27,1241.85
2142,CUST0247,2025-11-27,774.67
2984,CUST0345,2025-11-27,1112.4
284,CUST0033,2025-11-27,3977.87
2602,CUST0301,2025-11-27,4949.66
3760,CUST0433,2025-11-27,1948.05
1287,CUST0146,2025-11-27,3725.83
3618,CUST0417,2025-11-27,973.64
1553,CUST0174,2025-11-27,541.19
2256,CUST0263,2025-11-27,1876.93
421,CUST0047,2025-11-27,1854.51
724,CUST0080,2025-11-27,875.37
127,CUST0015,2025-11-27,800.44
987,CUST0108,2025-11-27,912.4
3892,CUST0441,2025-11-28,1335.82
4817,CUST0564,2025-11-28,3436.0
2638,CUST0309,2025-11-28,1073.43
4224,CUST0477,2025-11-28,3034.9
2950,CUST0340,2025-11-28,2524.51
2960,CUST0342,2025-11-28,1195.74
2732,CUST0318,2025-11-28,1495.59
275,CUST0032,2025-11-28,1101.42
1579,CUST0178,2025-11-28,1773.74
3228,CUST0373,2025-11-28,3341.3
2005,CUST0228,2025-11-28,828.91
4934,CUST0580,2025-11-28,1683.77
2085,CUST0239,2025-11-28,1700.8
3686,CUST0425,2025-11-28,1305.14
3410,CUST0389,2025-11-28,1907.65
4646,CUST0542,2025-11-29,1453.7
2114,CUST0245,2025-11-29,4134.53
705,CUST0079,2025-11-29,717.62
3690,CUST0426,2025-11-29,685.12
5036,CUST0590,2025-11-29,2393.26
4434,CUST0511,2025-11-29,959.52
2711,CUST0316,2025-11-29,1138.92
5108,CUST0599,2025-11-29,525.39
3324,CUST0378,2025-11-29,2323.62
4231,CUST0477,2025-11-29,3884.85
878,CUST0098,2025-11-29,494.03
3827,CUST0437,2025-11-29,3932.75
1782,CUST0202,2025-11-29,1630.08
1976,CUST0224,2025-11-29,1243.77
4445,CUST0512,2025-11-29,884.98
273,CUST0032,2025-11-29,915.1
3397,CUST0388,2025-11-29,2414.14
1821,CUST0206,2025-11-29,2283.03
883,CUST0099,2025-11-29,3150.69
3834,CUST0437,2025-11-29,1347.36
4521,CUST0520,2025-11-29,1641.3
2863,CUST0334,2025-11-29,1332.87
3901,CUST0441,2025-11-29,4042.53
2542,CUST0298,2025-11-29,1738.33
2124,CUST0245,2025-11-30,2835.7
349,CUST0041,2025-11-30,4458.07
2197,CUST0255,2025-11-30,1585.74
1515,CUST0171,2025-11-30,889.71
1564,CUST0176,2025-11-30,2285.26
993,CUST0109,2025-11-30,488.81
329,CUST0038,2025-11-30,1428.24
2268,CUST0263,2025-11-30,4486.55
117,CUST0014,2025-11-30,1161.03
4779,CUST0560,2025-11-30,371.35
2656,CUST0311,2025-11-30,1524.95
3847,CUST0437,2025-11-30,1283.05
4487,CUST0516,2025-11-30,3057.6
3541,CUST0408,2025-11-30,2526.83
4062,CUST0459,2025-11-30,2461.02
3221,CUST0372,2025-11-30,1223.98
3017,CUST0348,2025-11-30,1491.87
3232,CUST0373,2025-11-30,1350.54
1261,CUST0144,2025-11-30,1461.83
505,CUST0059,2025-11-30,2519.81
3268,CUST0375,2025-11-30,801.69
1428,CUST0162,2025-11-30,1705.25
1180,CUST0132,2025-11-30,1940.32
3613,CUST0417,2025-11-30,2161.84
3838,CUST0437,2025-12-01,1605.71
1161,CUST0129,2025-12-01,2097.1
4990,CUST0588,2025-12-01,1239.48
2265,CUST0263,2025-12-01,3728.1
4489,CUST0516,2025-12-01,4605.15
2414,CUST0286,2025-12-01,2959.75
1277,CUST0146,2025-12-01,1689.96
974,CUST0106,2025-12-01,1899.3
5069,CUST0593,2025-12-01,1230.03
2313,CUST0269,2025-12-01,521.26
859,CUST0093,2025-12-01,1398.97
4579,CUST0529,2025-12-01,1582.23
1865,CUST0209,2025-12-01,4343.77
584,CUST0067,2025-12-01,2880.9
776,CUST0084,2025-12-01,3552.19
3114,CUST0362,2025-12-02,514.99
213,CUST0024,2025-12-02,642.09
3680,CUST0425,2025-12-02,3356.0
2137,CUST0247,2025-12-02,2371.3
2354,CUST0278,2025-12-02,705.88
3064,CUST0355,2025-12-02,3227.9
2314,CUST0269,2025-12-02,1666.82
4374,CUST0501,2025-12-02,1616.61
2315,CUST0269,2025-12-02,1541.95
2906,CUST0336,2025-12-02,1997.89
1448,CUST0165,2025-12-02,2868.79
2723,CUST0318,2025-12-02,2085.66
3030,CUST0350,2025-12-02,551.7
963,CUST0103,2025-12-02,704.91
957,CUST0103,2025-12-02,1611.79
3433,CUST0393,2025-12-02,1802.84
879,CUST0098,2025-12-02,2387.95
1842,CUST0207,2025-12-02,4487.74
572,CUST0065,2025-12-02,1756.79
1594,CUST0180,2025-12-02,3139.57
97,CUST0011,2025-12-02,3368.11
1719,CUST0195,2025-12-02,665.17
1153,CUST0129,2025-12-02,2884.29
894,CUST0099,2025-12-02,4932.86
2365,CUST0280,2025-12-02,859.94
1980,CUST0224,2025-12-02,621.34
366,CUST0041,2025-12-02,2493.7
430,CUST0048,2025-12-03,357.85
3712,CUST0430,2025-12-03,3644.68
2949,CUST0340,2025-12-03,4557.94
3252,CUST0374,2025-12-03,378.32
1465,CUST0165,2025-12-03,3146.82
4241,CUST0481,2025-12-03,1982.18
2645,CUST0310,2025-12-03,1708.59
843,CUST0091,2025-12-03,3749.49
1717,CUST0195,2025-12-03,1837.72
3160,CUST0370,2025-12-03,2984.97
2418,CUST0286,2025-12-03,2321.63
2770,CUST0324,2025-12-04,531.13
4223,CUST0477,2025-12-04,3037.39
1504,CUST0169,2025-12-04,2610.67
797,CUST0085,2025-12-04,2421.9
936,CUST0101,2025-12-04,4002.9
2292,CUST0267,2025-12-04,870.89
44,CUST0007,2025-12-04,3200.77
2730,CUST0318,2025-12-04,1682.95
4295,CUST0488,2025-12-04,1728.66
4956,CUST0585,2025-12-04,940.66
586,CUST0067,2025-12-04,1753.25
589,CUST0067,2025-12-04,1156.13
1705,CUST0194,2025-12-04,452.79
3704,CUST0429,2025-12-04,721.18
192,CUST0022,2025-12-05,4037.83
1478,CUST0167,2025-12-05,1680.88
413,CUST0045,2025-12-05,1618.24
2995,CUST0346,2025-12-05,318.72
4864,CUST0568,2025-12-05,1195.58
2524,CUST0295,2025-12-05,2537.57
4968,CUST0587,2025-12-05,3468.92
4065,CUST0459,2025-12-05,2152.74
3488,CUST0401,2025-12-05,4939.2
1115,CUST0124,2025-12-05,1199.22
2658,CUST0311,2025-12-05,1435.26
2893,CUST0335,2025-12-05,4690.01
834,CUST0091,2025-12-05,4299.93
3320,CUST0378,2025-12-05,1243.94
3753,CUST0431,2025-12-05,1092.51
2285,CUST0266,2025-12-05,1095.13
4472,CUST0516,2025-12-05,4710.28
4943,CUST0584,2025-12-05,872.11
2931,CUST0336,2025-12-05,2984.57
2021,CUST0230,2025-12-06,1614.41
2920,CUST0336,2025-12-06,3610.45
2662,CUST0312,2025-12-06,3849.46
1908,CUST0214,2025-12-06,2317.39
2009,CUST0228,2025-12-06,652.76
414,CUST0045,2025-12-06,1482.75
2421,CUST0286,2025-12-06,4093.94
653,CUST0073,2025-12-06,3402.28
3585,CUST0411,2025-12-06,1719.94
2562,CUST0300,2025-12-06,3815.89
2138,CUST0247,2025-12-06,1935.63
4476,CUST0516,2025-12-06,1839.53
3494,CUST0401,2025-12-06,3015.32
3434,CUST0393,2025-12-07,1618.48
953,CUST0102,2025-12-07,978.47
3931,CUST0448,2025-12-07,1327.63
2779,CUST0324,2025-12-07,1180.63
5124,CUST0600,2025-12-07,1481.36
2027,CUST0231,2025-12-07,1766.97
2082,CUST0238,2025-12-07,3562.61
3948,CUST0450,2025-12-07,2621.64
3559,CUST0410,2025-12-07,4459.31
3644,CUST0421,2025-12-07,975.98
294,CUST0033,2025-12-07,1529.76
2707,CUST0316,2025-12-07,1159.1
992,CUST0109,2025-12-07,587.51
1860,CUST0209,2025-12-07,1207.26
4288,CUST0487,2025-12-07,1483.14
119,CUST0014,2025-12-07,427.5
893,CUST0099,2025-12-07,4978.4
559,CUST0064,2025-12-07,674.49
1222,CUST0136,2025-12-07,1871.82
121,CUST0015,2025-12-07,1270.71
2247,CUST0261,2025-12-07,1411.1
3358,CUST0381,2025-12-07,4629.65
3231,CUST0373,2025-12-07,4201.04
1668,CUST0190,2025-12-07,755.03
4518,CUST0520,2025-12-08,1017.48
4661,CUST0544,2025-12-08,1785.24
4712,CUST0550,2025-12-08,953.13
5076,CUST0594,2025-12-08,1378.48
1380,CUST0156,2025-12-08,844.44
256,CUST0031,2025-12-08,964.99
1653,CUST0186,2025-12-08,803.87
5123,CUST0600,2025-12-08,4748.51
378,CUST0042,2025-12-08,1394.84
1795,CUST0203,2025-12-08,761.38
2581,CUST0300,2025-12-08,4642.34
4479,CUST0516,2025-12-09,808.11
1818,CUST0206,2025-12-09,2658.82
3292,CUST0376,2025-12-09,718.06
115,CUST0014,2025-12-09,1613.03
2196,CUST0255,2025-12-09,2429.18
1223,CUST0136,2025-12-09,1773.39
2620,CUST0305,2025-12-09,791.56
570,CUST0065,2025-12-09,2083.23
410,CUST0045,2025-12-09,1407.78
3447,CUST0395,2025-12-09,1666.77
4525,CUST0522,2025-12-09,564.91
925,CUST0101,2025-12-09,4658.69
2269,CUST0263,2025-12-10,4271.15
701,CUST0078,2025-12-10,2452.48
3032,CUST0350,2025-12-10,1210.2
2116,CUST0245,2025-12-10,3928.27
2708,CUST0316,2025-12-10,355.2
3888,CUST0441,2025-12-10,1439.13
297,CUST0033,2025-12-10,1043.27
2210,CUST0258,2025-12-10,887.96
2998,CUST0346,2025-12-10,1904.42
4196,CUST0473,2025-12-10,1254.55
4033,CUST0457,2025-12-10,3825.75
1386,CUST0156,2025-12-10,1817.05
3354,CUST0381,2025-12-10,1683.56
3051,CUST0354,2025-12-11,654.43
296,CUST0033,2025-12-11,3774.32
3373,CUST0383,2025-12-11,334.08
4631,CUST0540,2025-12-11,3752.73
3493,CUST0401,2025-12-11,2743.29
3492,CUST0401,2025-12-11,2583.2
1117,CUST0124,2025-12-11,3852.35
2191,CUST0255,2025-12-11,1285.6
1093,CUST0123,2025-12-11,521.18
2808,CUST0329,2025-12-11,1537.35
2323,CUST0270,2025-12-11,2067.43
2054,CUST0236,2025-12-11,1475.12
4091,CUST0460,2025-12-11,1281.09
3465,CUST0399,2025-12-11,1800.82
4698,CUST0548,2025-12-11,663.81
4101,CUST0461,2025-12-11,3549.18
995,CUST0109,2025-12-11,750.6
1234,CUST0139,2025-12-12,2018.56
1937,CUST0217,2025-12-12,1210.47
603,CUST0069,2025-12-12,4562.42
170,CUST0021,2025-12-12,1280.08
3525,CUST0407,2025-12-12,1910.87
4225,CUST0477,2025-12-12,2695.91
276,CUST0033,2025-12-12,3735.76
2608,CUST0302,2025-12-12,1142.89
3863,CUST0440,2025-12-12,2958.28
1977,CUST0224,2025-12-12,1473.34
2487,CUST0292,2025-12-12,1590.87
677,CUST0077,2025-12-12,1899.15
4885,CUST0573,2025-12-12,1696.31
1460,CUST0165,2025-12-12,3197.69
1551,CUST0174,2025-12-13,1374.36
4650,CUST0543,2025-12-13,1490.49
3404,CUST0389,2025-12-13,987.91
180,CUST0022,2025-12-13,1147.75
2947,CUST0340,2025-12-13,3646.26
2861,CUST0334,2025-12-13,3529.8
1970,CUST0223,2025-12-13,3424.91
4375,CUST0501,2025-12-13,417.69
2683,CUST0312,2025-12-13,1570.97
3646,CUST0421,2025-12-13,1238.11
712,CUST0080,2025-12-13,4357.06
2810,CUST0329,2025-12-13,744.97
4247,CUST0481,2025-12-14,1187.2
2897,CUST0335,2025-12-14,3349.29
2024,CUST0230,2025-12-14,1121.49
4446,CUST0512,2025-12-14,640.46
1548,CUST0174,2025-12-14,422.7
153,CUST0018,2025-12-14,710.18
680,CUST0077,2025-12-14,1039.81
219,CUST0025,2025-12-14,707.85
2816,CUST0330,2025-12-15,1513.11
394,CUST0043,2025-12-15,2656.5
277,CUST0033,2025-12-15,1466.14
3226,CUST0372,2025-12-15,1758.02
2902,CUST0335,2025-12-15,2911.69
1879,CUST0210,2025-12-15,679.32
3383,CUST0385,2025-12-15,433.17
5007,CUST0588,2025-12-15,1535.85
2551,CUST0298,2025-12-15,703.06
289,CUST0033,2025-12-15,838.1
3553,CUST0410,2025-12-16,2128.78
1490,CUST0169,2025-12-16,1969.58
1488,CUST0169,2025-12-16,2941.39
2812,CUST0329,2025-12-16,1692.45
178,CUST0022,2025-12-16,2979.45
356,CUST0041,2025-12-16,3872.68
3002,CUST0347,2025-12-16,1454.59
3527,CUST0407,2025-12-16,443.91
2538,CUST0297,2025-12-16,1536.71
4816,CUST0564,2025-12-16,4310.82
1216,CUST0134,2025-12-16,613.98
4529,CUST0522,2025-12-16,1103.69
2350,CUST0278,2025-12-16,502.34
3880,CUST0441,2025-12-16,2854.36
2533,CUST0295,2025-12-16,1894.78
4970,CUST0587,2025-12-16,2604.93
1684,CUST0191,2025-12-16,2162.18
4598,CUST0535,2025-12-16,1284.95
2804,CUST0328,2025-12-17,1618.98
571,CUST0065,2025-12-17,489.53
2692,CUST0313,2025-12-17,3622.65
2755,CUST0320,2025-12-17,2074.58
2425,CUST0286,2025-12-17,4920.39
1568,CUST0177,2025-12-17,565.26
3293,CUST0376,2025-12-17,1505.85
2568,CUST0300,2025-12-17,2545.64
2944,CUST0340,2025-12-17,2219.59
232,CUST0027,2025-12-17,2190.93
2927,CUST0336,2025-12-17,1293.51
4643,CUST0540,2025-12-17,4316.79
1872,CUST0209,2025-12-17,2362.9
2618,CUST0304,2025-12-17,1683.31
1232,CUST0139,2025-12-17,1234.64
5064,CUST0592,2025-12-17,1229.09
1547,CUST0173,2025-12-18,1378.06
2884,CUST0335,2025-12-18,4350.39
2158,CUST0251,2025-12-18,2062.97
1969,CUST0223,2025-12-18,1144.26
832,CUST0091,2025-12-18,2969.61
941,CUST0101,2025-12-18,2200.31
4185,CUST0471,2025-12-18,2156.18
4583,CUST0529,2025-12-18,4621.26
2715,CUST0317,2025-12-18,698.58
4330,CUST0496,2025-12-18,682.9
2109,CUST0245,2025-12-18,1599.42
1269,CUST0145,2025-12-18,1916.05
702,CUST0079,2025-12-18,1934.72
1466,CUST0165,2025-12-18,4099.7
204,CUST0023,2025-12-18,1993.98
4496,CUST0517,2025-12-18,2224.8
2494,CUST0292,2025-12-19,3088.93
1040,CUST0112,2025-12-19,2286.98
2854,CUST0333,2025-12-19,2504.0
3086,CUST0357,2025-12-19,4594.01
1391,CUST0157,2025-12-19,1677.44
3209,CUST0372,2025-12-19,3254.14
3587,CUST0411,2025-12-19,1929.19
3236,CUST0373,2025-12-19,4722.75
611,CUST0069,2025-12-19,1199.05
1152,CUST0129,2025-12-19,2628.36
3143,CUST0369,2025-12-19,719.68
217,CUST0024,2025-12-19,1165.86
2084,CUST0239,2025-12-19,1194.34
2591,CUST0301,2025-12-19,2559.48
2986,CUST0345,2025-12-19,2129.86
2225,CUST0260,2025-12-19,4940.38
3481,CUST0401,2025-12-19,827.41
4134,CUST0466,2025-12-19,991.17
973,CUST0106,2025-12-19,1505.18
2105,CUST0244,2025-12-20,1376.58
1120,CUST0125,2025-12-20,993.19
1370,CUST0153,2025-12-20,4366.55
4347,CUST0498,2025-12-20,3618.18
171,CUST0021,2025-12-20,1242.1
1099,CUST0123,2025-12-20,2328.3
3822,CUST0437,2025-12-20,2683.64
3361,CUST0381,2025-12-20,3773.38
4122,CUST0462,2025-12-20,878.98
4498,CUST0517,2025-12-20,897.54
4314,CUST0493,2025-12-20,1382.39
1358,CUST0153,2025-12-20,2959.64
4569,CUST0529,2025-12-21,2425.95
4053,CUST0459,2025-12-21,1213.43
1518,CUST0172,2025-12-21,2659.75
1523,CUST0172,2025-12-21,3299.89
314,CUST0037,2025-12-21,465.38
3351,CUST0381,2025-12-21,4529.07
2208,CUST0258,2025-12-21,1763.14
686,CUST0078,2025-12-21,2475.11
503,CUST0058,2025-12-21,1580.82
801,CUST0086,2025-12-21,602.72
4317,CUST0493,2025-12-21,1486.67
362,CUST0041,2025-12-21,983.38
2843,CUST0333,2025-12-21,4471.51
3640,CUST0420,2025-12-21,471.28
3693,CUST0427,2025-12-21,780.63
811,CUST0087,2025-12-21,1650.78
607,CUST0069,2025-12-21,4665.25
4259,CUST0484,2025-12-21,1645.04
4124,CUST0462,2025-12-21,1285.21
1839,CUST0207,2025-12-22,2923.93
856,CUST0093,2025-12-22,1830.55
2588,CUST0301,2025-12-22,1725.98
4371,CUST0501,2025-12-22,1886.8
4025,CUST0457,2025-12-22,3549.41
1044,CUST0112,2025-12-22,917.87
2206,CUST0258,2025-12-22,1840.6
4385,CUST0503,2025-12-22,922.51
4841,CUST0565,2025-12-22,1236.13
234,CUST0027,2025-12-22,982.26
1787,CUST0203,2025-12-22,838.54
4549,CUST0527,2025-12-22,1983.89
2865,CUST0334,2025-12-22,3414.82
634,CUST0073,2025-12-22,839.19
1931,CUST0217,2025-12-22,1817.28
2479,CUST0292,2025-12-22,3171.3
2898,CUST0335,2025-12-22,4876.33
4370,CUST0501,2025-12-23,1540.02
3973,CUST0451,2025-12-23,1768.03
935,CUST0101,2025-12-23,4690.81
160,CUST0019,2025-12-23,1423.61
1410,CUST0159,2025-12-23,1948.59
1815,CUST0206,2025-12-23,1029.17
3731,CUST0430,2025-12-23,1652.57
4282,CUST0487,2025-12-23,3337.66
4810,CUST0563,2025-12-23,3667.11
1604,CUST0180,2025-12-23,3563.83
1823,CUST0206,2025-12-23,4728.59
2868,CUST0334,2025-12-23,2411.16
3145,CUST0369,2025-12-23,1735.88
1431,CUST0162,2025-12-24,657.86
3737,CUST0431,2025-12-24,902.59
2337,CUST0275,2025-12-24,427.69
1373,CUST0153,2025-12-24,4315.9
1890,CUST0211,2025-12-24,867.63
2561,CUST0300,2025-12-24,3952.29
1671,CUST0191,2025-12-24,2527.0
803,CUST0086,2025-12-24,1384.41
854,CUST0093,2025-12-24,456.88
1389,CUST0157,2025-12-24,1485.13
3323,CUST0378,2025-12-24,2053.02
321,CUST0038,2025-12-24,4629.71
1073,CUST0118,2025-12-24,429.8
4858,CUST0568,2025-12-24,1365.69
133,CUST0016,2025-12-25,782.05
1148,CUST0129,2025-12-25,1620.01
4141,CUST0466,2025-12-25,1793.98
5056,CUST0591,2025-12-25,4454.23
3873,CUST0440,2025-12-25,4105.27
1272,CUST0145,2025-12-25,2057.81
1362,CUST0153,2025-12-25,3768.72
531,CUST0061,2025-12-25,764.4
4937,CUST0581,2025-12-25,918.6
4037,CUST0457,2025-12-25,3208.7
3318,CUST0378,2025-12-26,2367.47
4222,CUST0477,2025-12-26,4117.52
3955,CUST0450,2025-12-26,2890.13
3682,CUST0425,2025-12-26,3662.13
3597,CUST0415,2025-12-26,1713.68
4093,CUST0460,2025-12-26,4428.53
1160,CUST0129,2025-12-26,1017.01
3391,CUST0387,2025-12-26,447.39
1341,CUST0150,2025-12-26,1464.83
752,CUST0083,2025-12-26,748.51
3579,CUST0411,2025-12-26,404.93
770,CUST0084,2025-12-26,3224.45
4845,CUST0567,2025-12-26,1686.23
350,CUST0041,2025-12-26,3426.28
3752,CUST0431,2025-12-26,4225.05
3204,CUST0371,2025-12-27,994.89
2056,CUST0237,2025-12-27,2072.53
174,CUST0021,2025-12-27,1830.03
3062,CUST0355,2025-12-27,1642.65
3243,CUST0373,2025-12-27,3368.95
1146,CUST0129,2025-12-27,4371.98
3216,CUST0372,2025-12-27,1354.55
2140,CUST0247,2025-12-27,2367.12
1029,CUST0111,2025-12-27,861.59
4357,CUST0498,2025-12-27,2969.99
3163,CUST0370,2025-12-27,2218.83
692,CUST0078,2025-12-27,2601.32
1284,CUST0146,2025-12-27,3965.1
3066,CUST0355,2025-12-27,1148.24
685,CUST0078,2025-12-27,1745.94
882,CUST0099,2025-12-27,1715.15
3654,CUST0422,2025-12-27,724.93
2236,CUST0260,2025-12-27,2195.12
1648,CUST0185,2025-12-27,2228.45
3569,CUST0410,2025-12-28,2860.58
2577,CUST0300,2025-12-28,803.14
5073,CUST0593,2025-12-28,1875.84
4750,CUST0557,2025-12-28,2775.46
3771,CUST0434,2025-12-28,4940.88
251,CUST0030,2025-12-28,2862.98
876,CUST0098,2025-12-28,1474.53
678,CUST0077,2025-12-28,1030.42
1778,CUST0202,2025-12-28,2656.54
521,CUST0059,2025-12-28,1974.75
4951,CUST0584,2025-12-28,1066.85
2642,CUST0309,2025-12-28,1937.26
335,CUST0039,2025-12-28,548.07
4554,CUST0527,2025-12-28,1540.76
453,CUST0052,2025-12-28,1439.16
3783,CUST0434,2025-12-28,4100.4
2260,CUST0263,2025-12-28,2105.0
4164,CUST0469,2025-12-28,2235.03
3974,CUST0451,2025-12-28,415.25
3070,CUST0355,2025-12-28,3757.54
1663,CUST0190,2025-12-28,1523.82
3971,CUST0451,2025-12-28,849.06
2346,CUST0277,2025-12-29,1557.29
4393,CUST0505,2025-12-29,989.19
704,CUST0079,2025-12-29,1922.83
2072,CUST0238,2025-12-29,4654.12
2846,CUST0333,2025-12-29,1632.47
4311,CUST0493,2025-12-29,1023.9
3437,CUST0394,2025-12-29,1669.77
4309,CUST0492,2025-12-29,1730.58
1570,CUST0177,2025-12-29,1851.92
1356,CUST0153,2025-12-29,4091.84
1899,CUST0212,2025-12-29,455.22
53,CUST0007,2025-12-29,2707.93
4156,CUST0469,2025-12-29,494.74
1687,CUST0191,2025-12-29,2602.06
233,CUST0027,2025-12-29,890.58
1863,CUST0209,2025-12-29,4674.22
552,CUST0064,2025-12-29,1036.88
2518,CUST0295,2025-12-29,4572.22
3695,CUST0427,2025-12-29,1823.58
4453,CUST0515,2025-12-29,2895.17
1825,CUST0207,2025-12-30,3341.38
1885,CUST0210,2025-12-30,2371.2
4249,CUST0481,2025-12-30,871.48
3622,CUST0418,2025-12-30,614.1
2214,CUST0260,2025-12-30,4348.88
1966,CUST0223,2025-12-30,4772.15
4167,CUST0469,2025-12-30,1194.21
2510,CUST0295,2025-12-30,1534.08
2423,CUST0286,2025-12-30,3006.34
4550,CUST0527,2025-12-30,1348.14
541,CUST0062,2025-12-30,1554.01
1916,CUST0215,2025-12-30,980.53
4889,CUST0573,2025-12-31,1906.25
4523,CUST0521,2025-12-31,366.88
1730,CUST0196,2025-12-31,1480.37
2012,CUST0228,2025-12-31,1476.02
2605,CUST0301,2025-12-31,4351.7
3146,CUST0369,2025-12-31,2325.62
3402,CUST0388,2025-12-31,2155.46
1295,CUST0146,2025-12-31,1089.99
3620,CUST0418,2025-12-31,1912.56
4689,CUST0547,2025-12-31,4445.45
2967,CUST0343,2025-12-31,2236.4
147,CUST0017,2025-12-31,696.27
1793,CUST0203,2025-12-31,1824.62
2446,CUST0291,2025-12-31,1651.98
1010,CUST0110,2025-12-31,950.94
2516,CUST0295,2025-12-31,918.11
2988,CUST0345,2025-12-31,587.61
2859,CUST0333,2025-12-31,4018.68
587,CUST0067,2025-12-31,1430.71
4526,CUST0522,2025-12-31,1097.36
3539,CUST0408,2025-12-31,2713.78
2372,CUST0282,2025-12-31,976.8
2722,CUST0317,2026-01-01,631.3
4307,CUST0492,2026-01-01,1195.08
4120,CUST0461,2026-01-01,4714.17
1429,CUST0162,2026-01-01,904.04
33,CUST0006,2026-01-01,873.2
1425,CUST0161,2026-01-01,748.65
1123,CUST0125,2026-01-01,400.02
1721,CUST0195,2026-01-01,1367.41
898,CUST0100,2026-01-01,2807.09
4703,CUST0548,2026-01-01,729.95
5004,CUST0588,2026-01-01,3974.86
1032,CUST0111,2026-01-01,2017.33
909,CUST0100,2026-01-01,3869.44
4349,CUST0498,2026-01-01,1246.75
3761,CUST0433,2026-01-01,1633.71
3748,CUST0431,2026-01-01,945.91
1336,CUST0149,2026-01-02,2542.88
735,CUST0080,2026-01-02,1192.31
3635,CUST0420,2026-01-02,468.25
4116,CUST0461,2026-01-02,3655.21
891,CUST0099,2026-01-02,2374.17
2570,CUST0300,2026-01-02,3073.2
177,CUST0022,2026-01-02,4320.05
4080,CUST0460,2026-01-02,3830.25
2539,CUST0297,2026-01-02,1878.9
1384,CUST0156,2026-01-02,1645.63
1934,CUST0217,2026-01-02,1829.01
3076,CUST0355,2026-01-02,2941.94
3264,CUST0375,2026-01-03,4924.97
45,CUST0007,2026-01-03,4031.87
3800,CUST0435,2026-01-03,4865.02
758,CUST0083,2026-01-03,566.75
3089,CUST0357,2026-01-03,2394.32
4921,CUST0577,2026-01-03,3856.9
4255,CUST0482,2026-01-03,1365.03
4099,CUST0461,2026-01-03,2231.71
4177,CUST0471,2026-01-03,4559.28
711,CUST0080,2026-01-03,3082.86
4602,CUST0535,2026-01-03,795.58
1959,CUST0223,2026-01-04,3512.05
4430,CUST0510,2026-01-04,746.34
4066,CUST0459,2026-01-04,1115.39
1189,CUST0133,2026-01-04,3899.12
401,CUST0043,2026-01-04,3587.98
3562,CUST0410,2026-01-04,3936.02
2742,CUST0319,2026-01-04,1253.48
2546,CUST0298,2026-01-04,2203.76
236,CUST0027,2026-01-04,2408.47
2033,CUST0231,2026-01-04,1213.89
2649,CUST0310,2026-01-04,2219.85
4381,CUST0503,2026-01-04,1050.96
150,CUST0017,2026-01-04,836.56
3052,CUST0354,2026-01-04,1480.35
4178,CUST0471,2026-01-04,4839.4
899,CUST0100,2026-01-04,1507.02
55,CUST0007,2026-01-04,1647.27
3423,CUST0393,2026-01-05,1912.21
488,CUST0057,2026-01-05,4045.02
2937,CUST0338,2026-01-05,819.69
4466,CUST0515,2026-01-05,877.09
1444,CUST0165,2026-01-05,3162.73
4815,CUST0563,2026-01-05,1145.84
2982,CUST0345,2026-01-05,2352.84
167,CUST0020,2026-01-05,1503.95
956,CUST0102,2026-01-05,892.99
3091,CUST0357,2026-01-06,3384.46
3400,CUST0388,2026-01-06,1297.76
928,CUST0101,2026-01-06,4011.02
4146,CUST0467,2026-01-06,1014.48
983,CUST0107,2026-01-06,1901.58
2974,CUST0344,2026-01-07,2059.28
4230,CUST0477,2026-01-07,1738.82
4192,CUST0473,2026-01-07,2103.67
4251,CUST0482,2026-01-07,1703.05
3222,CUST0372,2026-01-07,4965.08
4432,CUST0511,2026-01-07,672.8
4743,CUST0557,2026-01-07,2490.27
2508,CUST0294,2026-01-07,1427.4
2058,CUST0237,2026-01-07,727.12
3715,CUST0430,2026-01-07,2384.46
4013,CUST0455,2026-01-07,1390.74
1878,CUST0210,2026-01-07,683.96
1008,CUST0110,2026-01-07,2783.58
4469,CUST0516,2026-01-07,2974.25
3440,CUST0394,2026-01-07,844.91
3161,CUST0370,2026-01-07,2633.64
4287,CUST0487,2026-01-07,3762.52
1195,CUST0133,2026-01-07,4867.86
3389,CUST0387,2026-01-07,2353.94
89,CUST0011,2026-01-08,3824.15
3012,CUST0348,2026-01-08,3084.93
869,CUST0097,2026-01-08,784.68
490,CUST0057,2026-01-08,1605.84
767,CUST0084,2026-01-08,1396.28
877,CUST0098,2026-01-08,1304.11
2482,CUST0292,2026-01-08,1234.6
4234,CUST0477,2026-01-08,3697.85
1417,CUST0161,2026-01-08,1231.52
4157,CUST0469,2026-01-08,1109.74
3532,CUST0408,2026-01-08,3804.12
2989,CUST0345,2026-01-08,911.64
4024,CUST0457,2026-01-08,953.39
4052,CUST0459,2026-01-08,2270.99
346,CUST0040,2026-01-08,820.32
56,CUST0007,2026-01-08,4201.47
3832,CUST0437,2026-01-08,1290.89
4109,CUST0461,2026-01-08,3970.46
1071,CUST0118,2026-01-08,1363.82
2213,CUST0260,2026-01-08,1351.41
872,CUST0098,2026-01-08,1616.46
2574,CUST0300,2026-01-09,2654.32
1810,CUST0206,2026-01-09,2235.76
818,CUST0088,2026-01-09,1089.54
290,CUST0033,2026-01-09,1339.48
4958,CUST0586,2026-01-09,1257.82
336,CUST0039,2026-01-09,1977.33
3065,CUST0355,2026-01-09,1908.7
4264,CUST0484,2026-01-09,975.31
3997,CUST0455,2026-01-09,2997.26
2271,CUST0263,2026-01-09,2107.8
3538,CUST0408,2026-01-09,3018.55
4805,CUST0563,2026-01-09,2984.89
2079,CUST0238,2026-01-09,4220.41
493,CUST0058,2026-01-10,1806.17
567,CUST0065,2026-01-10,1996.61
1265,CUST0145,2026-01-10,2068.42
499,CUST0058,2026-01-10,2487.69
434,CUST0050,2026-01-10,1801.95
99,CUST0011,2026-01-10,4714.9
3750,CUST0431,2026-01-10,3340.17
938,CUST0101,2026-01-10,4462.6
27,CUST0005,2026-01-10,582.53
2913,CUST0336,2026-01-10,824.63
184,CUST0022,2026-01-11,3819.99
743,CUST0082,2026-01-11,1161.99
4506,CUST0517,2026-01-11,467.33
3547,CUST0408,2026-01-11,1297.12
4776,CUST0560,2026-01-11,1334.76
2120,CUST0245,2026-01-11,2749.66
5067,CUST0592,2026-01-11,1449.02
3048,CUST0354,2026-01-11,1169.94
710,CUST0080,2026-01-11,4125.14
1897,CUST0212,2026-01-11,842.38
3877,CUST0440,2026-01-11,1003.26
24,CUST0005,2026-01-11,1120.15
2162,CUST0251,2026-01-11,2436.62
1886,CUST0210,2026-01-11,1608.75
2375,CUST0282,2026-01-11,1595.54
528,CUST0060,2026-01-11,1914.99
3616,CUST0417,2026-01-11,975.42
3642,CUST0421,2026-01-11,1932.45
2396,CUST0284,2026-01-11,1922.01
4892,CUST0573,2026-01-11,1509.93
478,CUST0057,2026-01-12,3479.44
3058,CUST0355,2026-01-12,4620.26
3543,CUST0408,2026-01-12,1353.32
1962,CUST0223,2026-01-12,821.59
3045,CUST0353,2026-01-12,1883.63
3796,CUST0435,2026-01-12,1017.08
1555,CUST0175,2026-01-12,1767.89
3144,CUST0369,2026-01-12,2098.47
728,CUST0080,2026-01-12,4936.96
4664,CUST0545,2026-01-12,1596.51
281,CUST0033,2026-01-12,2207.5
2899,CUST0335,2026-01-12,2212.85
545,CUST0062,2026-01-12,853.68
3371,CUST0382,2026-01-12,1716.11
1459,CUST0165,2026-01-12,1973.55
3637,CUST0420,2026-01-13,1206.91
2002,CUST0226,2026-01-13,2354.73
2069,CUST0238,2026-01-13,4025.47
2737,CUST0319,2026-01-13,658.97
3087,CUST0357,2026-01-13,1044.51
1367,CUST0153,2026-01-13,3198.88
3380,CUST0385,2026-01-13,1802.4
4954,CUST0585,2026-01-13,1766.74
3772,CUST0434,2026-01-13,922.52
131,CUST0016,2026-01-13,1241.6
4616,CUST0538,2026-01-13,2479.79
2582,CUST0300,2026-01-13,2745.44
437,CUST0050,2026-01-13,652.44
3316,CUST0378,2026-01-13,3765.16
1039,CUST0112,2026-01-13,2246.44
1213,CUST0134,2026-01-13,1237.97
3205,CUST0371,2026-01-13,3429.61
1323,CUST0149,2026-01-13,4178.88
2457,CUST0291,2026-01-13,1243.73
2659,CUST0312,2026-01-13,2222.17
3621,CUST0418,2026-01-14,601.08
1688,CUST0191,2026-01-14,1402.26
1771,CUST0202,2026-01-14,1497.42
990,CUST0109,2026-01-14,1287.01
1920,CUST0216,2026-01-14,722.95
961,CUST0103,2026-01-14,1451.31
1212,CUST0134,2026-01-14,1345.53
37,CUST0006,2026-01-14,568.49
4756,CUST0558,2026-01-14,2187.6
5048,CUST0591,2026-01-14,3561.48
3958,CUST0450,2026-01-14,1423.29
908,CUST0100,2026-01-14,3406.77
402,CUST0043,2026-01-14,4083.52
282,CUST0033,2026-01-14,4616.55
4473,CUST0516,2026-01-14,3519.28
3779,CUST0434,2026-01-15,4593.01
3008,CUST0348,2026-01-15,4996.67
4096,CUST0461,2026-01-15,2224.65
1108,CUST0124,2026-01-15,4548.74
3254,CUST0374,2026-01-15,542.8
2297,CUST0268,2026-01-15,774.31
392,CUST0043,2026-01-15,4873.25
2347,CUST0278,2026-01-15,1468.22
3885,CUST0441,2026-01-15,3467.66
4844,CUST0566,2026-01-15,975.18
3594,CUST0414,2026-01-15,714.88
4104,CUST0461,2026-01-15,2587.37
4397,CUST0505,2026-01-15,904.56
1311,CUST0147,2026-01-15,425.98
253,CUST0030,2026-01-15,2746.2
2788,CUST0326,2026-01-15,430.43
2000,CUST0226,2026-01-15,1279.84
5042,CUST0590,2026-01-16,1247.5
1514,CUST0171,2026-01-16,1517.28
2957,CUST0340,2026-01-16,1429.06
1043,CUST0112,2026-01-16,2288.86
5074,CUST0593,2026-01-16,2304.43
4685,CUST0547,2026-01-16,3414.57
2166,CUST0252,2026-01-16,1428.55
1163,CUST0129,2026-01-16,2465.53
4843,CUST0566,2026-01-16,303.81
1270,CUST0145,2026-01-16,646.86
3610,CUST0416,2026-01-16,1692.53
1307,CUST0147,2026-01-16,653.53
1828,CUST0207,2026-01-16,1050.27
1507,CUST0169,2026-01-16,4838.27
5128,CUST0600,2026-01-16,1288.89
3395,CUST0388,2026-01-16,1081.68
3668,CUST0423,2026-01-17,3338.4
2301,CUST0268,2026-01-17,426.37
4818,CUST0564,2026-01-17,1392.9
3294,CUST0376,2026-01-17,1161.42
2578,CUST0300,2026-01-17,3262.19
817,CUST0087,2026-01-17,1709.79
2394,CUST0284,2026-01-17,2851.88
4399,CUST0505,2026-01-17,517.34
844,CUST0091,2026-01-17,2692.51
287,CUST0033,2026-01-17,4920.98
2339,CUST0276,2026-01-17,1438.22
4237,CUST0477,2026-01-17,2681.5
916,CUST0100,2026-01-17,3932.61
4898,CUST0574,2026-01-17,1542.08
4920,CUST0577,2026-01-18,3431.15
1854,CUST0209,2026-01-18,4017.08
3431,CUST0393,2026-01-18,424.74
2883,CUST0335,2026-01-18,4389.64
4932,CUST0580,2026-01-18,704.73
4623,CUST0538,2026-01-18,1273.85
4783,CUST0561,2026-01-18,439.8
2615,CUST0304,2026-01-18,1122.59
4560,CUST0528,2026-01-18,2286.1
1508,CUST0170,2026-01-18,1016.75
3186,CUST0371,2026-01-18,1690.59
1435,CUST0163,2026-01-18,1257.79
4503,CUST0517,2026-01-18,1712.94
5114,CUST0599,2026-01-18,1595.97
151,CUST0017,2026-01-18,657.83
2829,CUST0331,2026-01-18,1971.02
930,CUST0101,2026-01-18,1641.99
699,CUST0078,2026-01-18,3587.92
4714,CUST0551,2026-01-18,349.46
4879,CUST0572,2026-01-18,593.74
1251,CUST0142,2026-01-18,2051.7
944,CUST0101,2026-01-18,4990.85
1601,CUST0180,2026-01-19,980.82
1737,CUST0197,2026-01-19,1290.61
1661,CUST0189,2026-01-19,1107.71
661,CUST0073,2026-01-19,4180.95
2573,CUST0300,2026-01-19,3748.75
506,CUST0059,2026-01-19,2691.56
3171,CUST0370,2026-01-19,2508.66
1713,CUST0195,2026-01-19,402.34
3230,CUST0373,2026-01-19,2920.72
2430,CUST0286,2026-01-19,967.15
920,CUST0100,2026-01-19,2954.19
2857,CUST0333,2026-01-19,4784.92
3868,CUST0440,2026-01-19,4976.01
912,CUST0100,2026-01-19,1355.96
2029,CUST0231,2026-01-19,311.87
1837,CUST0207,2026-01-19,4510.97
3049,CUST0354,2026-01-19,734.73
1608,CUST0180,2026-01-19,1847.91
1281,CUST0146,2026-01-19,3388.46
2833,CUST0331,2026-01-20,2000.06
3286,CUST0375,2026-01-20,2847.36
5024,CUST0589,2026-01-20,3649.83
4402,CUST0506,2026-01-20,1236.85
3474,CUST0401,2026-01-20,1332.74
2272,CUST0263,2026-01-20,2771.51
1649,CUST0185,2026-01-20,843.36
1105,CUST0124,2026-01-20,2970.13
1696,CUST0191,2026-01-20,2809.82
3937,CUST0449,2026-01-20,2262.92
470,CUST0057,2026-01-20,4254.98
2896,CUST0335,2026-01-20,1057.64
3897,CUST0441,2026-01-21,4830.43
3773,CUST0434,2026-01-21,4772.3
3079,CUST0356,2026-01-21,1671.4
4500,CUST0517,2026-01-21,1379.43
4764,CUST0558,2026-01-21,4140.94
1715,CUST0195,2026-01-21,1730.79
2039,CUST0235,2026-01-21,1025.94
591,CUST0067,2026-01-21,949.4
547,CUST0062,2026-01-21,719.25
268,CUST0032,2026-01-21,2131.83
4162,CUST0469,2026-01-21,472.9
3886,CUST0441,2026-01-21,875.73
911,CUST0100,2026-01-21,3785.72
4823,CUST0564,2026-01-21,2051.78
3588,CUST0411,2026-01-21,2452.59
1470,CUST0167,2026-01-21,863.06
2928,CUST0336,2026-01-21,4030.25
799,CUST0085,2026-01-22,2141.73
830,CUST0091,2026-01-22,3365.28
3288,CUST0375,2026-01-22,2607.33
85,CUST0011,2026-01-22,2391.05
1149,CUST0129,2026-01-22,1696.25
1572,CUST0178,2026-01-22,2129.61
3325,CUST0378,2026-01-22,3273.0
422,CUST0047,2026-01-22,2383.69
2316,CUST0270,2026-01-22,590.17
1037,CUST0112,2026-01-22,1598.36
1529,CUST0172,2026-01-22,4233.11
2560,CUST0299,2026-01-23,1374.6
4635,CUST0540,2026-01-23,1996.4
476,CUST0057,2026-01-23,1202.0
761,CUST0083,2026-01-23,1891.51
3626,CUST0418,2026-01-23,2162.76
5078,CUST0594,2026-01-23,1427.51
2293,CUST0267,2026-01-23,1907.13
5038,CUST0590,2026-01-23,867.29
3732,CUST0430,2026-01-23,3012.39
2963,CUST0343,2026-01-23,673.67
3743,CUST0431,2026-01-23,1234.19
4965,CUST0586,2026-01-23,1032.0
404,CUST0043,2026-01-23,4429.71
3469,CUST0400,2026-01-23,1200.79
3959,CUST0450,2026-01-23,1404.1
1439,CUST0164,2026-01-23,830.1
1208,CUST0133,2026-01-23,4744.04
1182,CUST0132,2026-01-23,1976.97
187,CUST0022,2026-01-23,4734.68
4396,CUST0505,2026-01-23,607.11
4789,CUST0562,2026-01-23,1190.42
3015,CUST0348,2026-01-23,2006.41
2909,CUST0336,2026-01-24,2494.13
3421,CUST0392,2026-01-24,1425.02
759,CUST0083,2026-01-24,2444.26
1446,CUST0165,2026-01-24,866.46
2119,CUST0245,2026-01-24,2691.47
4528,CUST0522,2026-01-24,410.55
850,CUST0092,2026-01-24,1766.9
3555,CUST0410,2026-01-24,4934.66
4068,CUST0459,2026-01-24,2221.81
1014,CUST0110,2026-01-24,3665.21
2901,CUST0335,2026-01-24,3724.72
4739,CUST0557,2026-01-24,1173.81
2924,CUST0336,2026-01-25,3719.5
592,CUST0067,2026-01-25,3897.54
2433,CUST0288,2026-01-25,1285.51
3685,CUST0425,2026-01-25,2497.42
3595,CUST0414,2026-01-25,375.92
3290,CUST0376,2026-01-25,1899.19
1348,CUST0152,2026-01-25,859.3
1538,CUST0172,2026-01-25,2605.82
3364,CUST0382,2026-01-26,1079.7
2224,CUST0260,2026-01-26,4798.8
3947,CUST0450,2026-01-26,4803.96
756,CUST0083,2026-01-26,1507.54
523,CUST0060,2026-01-26,2483.53
3319,CUST0378,2026-01-26,3232.35
2817,CUST0330,2026-01-26,2273.32
4149,CUST0467,2026-01-26,2337.25
2221,CUST0260,2026-01-26,2169.92
3867,CUST0440,2026-01-26,2007.71
861,CUST0095,2026-01-26,592.14
3266,CUST0375,2026-01-26,4099.81
4708,CUST0550,2026-01-26,1901.97
482,CUST0057,2026-01-26,2498.14
1499,CUST0169,2026-01-26,3187.55
2552,CUST0298,2026-01-26,460.48
4780,CUST0561,2026-01-26,1915.58
472,CUST0057,2026-01-26,4019.96
2161,CUST0251,2026-01-26,1894.73
3136,CUST0366,2026-01-26,432.55
3495,CUST0401,2026-01-26,4202.59
564,CUST0065,2026-01-26,423.17
532,CUST0061,2026-01-27,869.59
3235,CUST0373,2026-01-27,1147.5
2745,CUST0320,2026-01-27,547.85
4084,CUST0460,2026-01-27,1755.17
2515,CUST0295,2026-01-27,2126.03
423,CUST0047,2026-01-27,912.71
1100,CUST0123,2026-01-27,457.79
1096,CUST0123,2026-01-27,1211.28
2862,CUST0334,2026-01-27,1291.67
3173,CUST0370,2026-01-27,3278.54
190,CUST0022,2026-01-27,1480.46
3073,CUST0355,2026-01-27,820.51
1003,CUST0110,2026-01-27,3464.58
1165,CUST0130,2026-01-27,679.86
1491,CUST0169,2026-01-28,4324.56
1909,CUST0214,2026-01-28,1087.58
347,CUST0040,2026-01-28,466.33
2136,CUST0247,2026-01-28,721.6
4071,CUST0460,2026-01-28,3125.66
750,CUST0083,2026-01-28,1277.3
4959,CUST0586,2026-01-28,438.97
2911,CUST0336,2026-01-28,3152.49
2915,CUST0336,2026-01-28,4894.03
2609,CUST0303,2026-01-28,308.51
448,CUST0052,2026-01-28,632.82
3605,CUST0416,2026-01-28,944.35
1667,CUST0190,2026-01-28,2475.68
4212,CUST0475,2026-01-28,547.23
2576,CUST0300,2026-01-29,4163.44
4946,CUST0584,2026-01-29,849.26
2985,CUST0345,2026-01-29,1321.2
783,CUST0084,2026-01-29,4595.15
2536,CUST0295,2026-01-29,4605.62
1891,CUST0211,2026-01-29,696.67
76,CUST0009,2026-01-29,498.73
3427,CUST0393,2026-01-29,1495.91
2241,CUST0261,2026-01-29,817.63
2537,CUST0296,2026-01-29,384.08
3809,CUST0435,2026-01-29,4284.61
1098,CUST0123,2026-01-29,2294.7
2774,CUST0324,2026-01-30,1036.18
1841,CUST0207,2026-01-30,3210.24
5026,CUST0589,2026-01-30,1701.97
1981,CUST0224,2026-01-30,1384.46
558,CUST0064,2026-01-30,2180.83
252,CUST0030,2026-01-30,1446.36
3882,CUST0441,2026-01-30,1252.73
1285,CUST0146,2026-01-30,4456.21
23,CUST0005,2026-01-30,651.5
4021,CUST0457,2026-01-30,2992.13
700,CUST0078,2026-01-30,1337.55
2245,CUST0261,2026-01-30,1778.21
212,CUST0024,2026-01-30,1935.15
3546,CUST0408,2026-01-31,939.96
605,CUST0069,2026-01-31,2792.21
2738,CUST0319,2026-01-31,2022.96
4279,CUST0487,2026-01-31,3714.3
2606,CUST0301,2026-01-31,2526.73
3220,CUST0372,2026-01-31,3948.85
155,CUST0019,2026-01-31,962.93
4160,CUST0469,2026-01-31,2457.82
3331,CUST0380,2026-01-31,1637.5
4742,CUST0557,2026-01-31,4078.19
2453,CUST0291,2026-01-31,3695.55
1407,CUST0159,2026-01-31,917.2
4306,CUST0491,2026-01-31,311.1
1741,CUST0197,2026-01-31,835.91
2880,CUST0334,2026-01-31,4388.96
2038,CUST0235,2026-01-31,1888.69
4183,CUST0471,2026-02-01,4061.75
1125,CUST0125,2026-02-01,821.18
2908,CUST0336,2026-02-01,2158.8
4339,CUST0498,2026-02-01,1886.46
2809,CUST0329,2026-02-01,939.52
3251,CUST0374,2026-02-01,315.83
772,CUST0084,2026-02-01,4343.7
2398,CUST0284,2026-02-01,3429.43
1524,CUST0172,2026-02-01,2684.87
1851,CUST0209,2026-02-01,1182.79
4179,CUST0471,2026-02-01,3256.97
4486,CUST0516,2026-02-01,3040.26
4281,CUST0487,2026-02-01,1044.85
2168,CUST0252,2026-02-01,1490.56
509,CUST0059,2026-02-02,2406.61
1022,CUST0111,2026-02-02,465.99
4165,CUST0469,2026-02-02,1006.77
3821,CUST0436,2026-02-02,413.0
2529,CUST0295,2026-02-02,1059.4
4950,CUST0584,2026-02-02,1055.45
2511,CUST0295,2026-02-02,3421.28
3072,CUST0355,2026-02-02,2755.05
2255,CUST0263,2026-02-02,3744.61
2709,CUST0316,2026-02-02,1567.57
3210,CUST0372,2026-02-02,2976.96
4899,CUST0574,2026-02-02,1541.42
980,CUST0107,2026-02-02,514.1
2803,CUST0328,2026-02-03,363.8
1534,CUST0172,2026-02-03,4618.54
2121,CUST0245,2026-02-03,3465.93
933,CUST0101,2026-02-03,2109.98
4082,CUST0460,2026-02-03,4359.11
4175,CUST0471,2026-02-03,3112.58
389,CUST0043,2026-02-03,2442.54
1305,CUST0147,2026-02-03,1401.22
4283,CUST0487,2026-02-03,2163.58
1474,CUST0167,2026-02-03,512.38
2240,CUST0260,2026-02-03,3901.89
1273,CUST0145,2026-02-03,738.86
3829,CUST0437,2026-02-03,3447.67
3334,CUST0380,2026-02-03,438.6
2935,CUST0338,2026-02-03,1426.74
4804,CUST0563,2026-02-03,886.07
800,CUST0086,2026-02-03,1877.74
4429,CUST0510,2026-02-03,1252.41
1282,CUST0146,2026-02-03,2546.26
3023,CUST0349,2026-02-03,2034.51
3580,CUST0411,2026-02-03,2014.86
3910,CUST0443,2026-02-04,1123.46
2242,CUST0261,2026-02-04,1861.49
2010,CUST0228,2026-02-04,1920.46
2805,CUST0329,2026-02-04,1535.16
2604,CUST0301,2026-02-04,3675.85
4557,CUST0528,2026-02-04,1842.46
2011,CUST0228,2026-02-04,1881.68
2144,CUST0247,2026-02-04,1689.68
3790,CUST0435,2026-02-04,937.87
3401,CUST0388,2026-02-04,577.76
599,CUST0069,2026-02-04,4030.74
3556,CUST0410,2026-02-04,3318.76
4573,CUST0529,2026-02-04,4401.44
1155,CUST0129,2026-02-04,4607.6
3918,CUST0444,2026-02-04,1246.07
1611,CUST0181,2026-02-04,413.4
1686,CUST0191,2026-02-05,822.7
1510,CUST0171,2026-02-05,1910.17
78,CUST0010,2026-02-05,1793.67
1855,CUST0209,2026-02-05,2544.86
2922,CUST0336,2026-02-05,1006.42
3085,CUST0357,2026-02-05,4376.25
1325,CUST0149,2026-02-05,2589.5
51,CUST0007,2026-02-06,4714.46
1589,CUST0180,2026-02-06,3564.27
4182,CUST0471,2026-02-06,3696.35
2112,CUST0245,2026-02-06,2621.52
3408,CUST0389,2026-02-06,1625.2
3059,CUST0355,2026-02-06,2355.23
1034,CUST0111,2026-02-06,1314.57
845,CUST0091,2026-02-06,1953.87
1401,CUST0158,2026-02-06,561.27
1109,CUST0124,2026-02-06,4257.28
2484,CUST0292,2026-02-06,3091.81
4859,CUST0568,2026-02-06,1143.96
1522,CUST0172,2026-02-06,1807.96
2456,CUST0291,2026-02-06,1125.13
1734,CUST0196,2026-02-06,771.48
2066,CUST0238,2026-02-06,4006.77
1479,CUST0167,2026-02-06,2307.71
787,CUST0084,2026-02-06,3617.08
1731,CUST0196,2026-02-07,1197.96
4998,CUST0588,2026-02-07,1979.71
4038,CUST0457,2026-02-07,4480.43
560,CUST0064,2026-02-07,1250.08
3366,CUST0382,2026-02-07,1998.14
3759,CUST0433,2026-02-07,1825.8
2700,CUST0313,2026-02-07,3406.34
4559,CUST0528,2026-02-07,1592.33
2904,CUST0335,2026-02-07,2203.24
4299,CUST0488,2026-02-08,2337.51
1340,CUST0150,2026-02-08,2224.14
4480,CUST0516,2026-02-08,3559.67
63,CUST0007,2026-02-08,1661.01
2979,CUST0344,2026-02-08,1018.87
1074,CUST0118,2026-02-08,2064.45
2710,CUST0316,2026-02-08,531.3
4803,CUST0563,2026-02-08,2583.45
3095,CUST0357,2026-02-08,966.14
137,CUST0016,2026-02-08,2455.76
2958,CUST0341,2026-02-08,655.41
3271,CUST0375,2026-02-08,2290.98
4248,CUST0481,2026-02-08,947.87
1201,CUST0133,2026-02-08,1853.75
2820,CUST0330,2026-02-08,585.1
4123,CUST0462,2026-02-08,574.72
3489,CUST0401,2026-02-08,4709.5
1913,CUST0215,2026-02-08,601.46
220,CUST0026,2026-02-08,1666.76
749,CUST0082,2026-02-08,1557.54
2117,CUST0245,2026-02-08,1015.31
1457,CUST0165,2026-02-09,4874.99
763,CUST0084,2026-02-09,4495.25
2815,CUST0329,2026-02-09,1621.05
3966,CUST0450,2026-02-09,850.69
1847,CUST0208,2026-02-09,1972.85
120,CUST0015,2026-02-09,1363.88
4074,CUST0460,2026-02-09,1151.98
1783,CUST0202,2026-02-09,1902.38
4796,CUST0563,2026-02-09,1913.66
3845,CUST0437,2026-02-09,2100.86
3178,CUST0370,2026-02-10,3288.43
2080,CUST0238,2026-02-10,1815.72
3125,CUST0366,2026-02-10,2084.63
1462,CUST0165,2026-02-10,1567.92
5068,CUST0593,2026-02-10,1476.64
4246,CUST0481,2026-02-10,673.35
2267,CUST0263,2026-02-10,1088.77
83,CUST0010,2026-02-10,1139.77
904,CUST0100,2026-02-10,2664.98
1170,CUST0131,2026-02-10,792.52
2775,CUST0324,2026-02-10,1217.81
4254,CUST0482,2026-02-10,1694.5
1622,CUST0182,2026-02-10,1735.24
1266,CUST0145,2026-02-10,2159.61
508,CUST0059,2026-02-10,4140.89
2596,CUST0301,2026-02-10,4850.85
2492,CUST0292,2026-02-10,2578.62
5001,CUST0588,2026-02-10,1142.0
1059,CUST0115,2026-02-11,1145.43
1253,CUST0142,2026-02-11,2135.62
3683,CUST0425,2026-02-11,2104.42
2853,CUST0333,2026-02-11,1062.41
4494,CUST0516,2026-02-11,4004.6
3090,CUST0357,2026-02-11,3623.77
870,CUST0098,2026-02-11,1639.6
2390,CUST0284,2026-02-11,1913.48
1884,CUST0210,2026-02-11,1805.36
719,CUST0080,2026-02-11,4907.86
41,CUST0007,2026-02-11,4895.28
2945,CUST0340,2026-02-11,3360.69
4083,CUST0460,2026-02-11,4916.22
778,CUST0084,2026-02-12,3500.1
4398,CUST0505,2026-02-12,1421.66
1754,CUST0200,2026-02-12,370.68
3053,CUST0354,2026-02-12,2158.65
4736,CUST0557,2026-02-12,4890.29
707,CUST0079,2026-02-12,1578.57
5052,CUST0591,2026-02-12,3156.7
4294,CUST0488,2026-02-12,1620.87
2980,CUST0345,2026-02-12,1035.81
1424,CUST0161,2026-02-12,2443.46
4981,CUST0587,2026-02-12,3533.69
2178,CUST0254,2026-02-12,2442.17
1833,CUST0207,2026-02-12,1486.14
745,CUST0082,2026-02-12,1819.78
4240,CUST0480,2026-02-12,559.56
1605,CUST0180,2026-02-12,1796.01
3574,CUST0410,2026-02-12,985.41
2871,CUST0334,2026-02-12,2432.43
216,CUST0024,2026-02-13,477.72
3719,CUST0430,2026-02-13,1530.84
2754,CUST0320,2026-02-13,1674.1
580,CUST0067,2026-02-13,4197.31
2831,CUST0331,2026-02-13,818.23
263,CUST0031,2026-02-13,741.58
3309,CUST0378,2026-02-13,2855.16
2601,CUST0301,2026-02-13,903.61
4555,CUST0527,2026-02-13,1670.38
433,CUST0050,2026-02-13,1248.69
1280,CUST0146,2026-02-13,1783.65
4205,CUST0473,2026-02-13,835.99
2664,CUST0312,2026-02-13,2843.23
2777,CUST0324,2026-02-13,1866.51
1047,CUST0112,2026-02-13,2379.72
2170,CUST0252,2026-02-13,790.13
4103,CUST0461,2026-02-13,3892.38
3132,CUST0366,2026-02-13,1174.28
4201,CUST0473,2026-02-14,2641.45
1612,CUST0181,2026-02-14,2428.07
2874,CUST0334,2026-02-14,3002.12
1536,CUST0172,2026-02-14,2648.24
3881,CUST0441,2026-02-14,1458.4
4482,CUST0516,2026-02-14,3972.81
3405,CUST0389,2026-02-14,797.11
2598,CUST0301,2026-02-14,3628.36
2616,CUST0304,2026-02-14,1843.19
952,CUST0102,2026-02-14,1343.13
2714,CUST0316,2026-02-14,648.02
4015,CUST0456,2026-02-15,464.36
3692,CUST0427,2026-02-15,2380.34
3147,CUST0369,2026-02-15,1342.13
875,CUST0098,2026-02-15,1881.73
2572,CUST0300,2026-02-15,3432.57
896,CUST0099,2026-02-15,2435.82
880,CUST0099,2026-02-15,3303.15
789,CUST0085,2026-02-15,1201.39
4784,CUST0562,2026-02-15,1526.23
1923,CUST0216,2026-02-15,1826.04
2094,CUST0240,2026-02-15,1542.34
3311,CUST0378,2026-02-15,3767.9
3130,CUST0366,2026-02-15,896.32
4277,CUST0487,2026-02-15,3278.97
2746,CUST0320,2026-02-16,1456.68
2769,CUST0323,2026-02-16,631.4
1714,CUST0195,2026-02-16,571.5
1709,CUST0194,2026-02-16,1985.47
483,CUST0057,2026-02-16,3813.91
4942,CUST0584,2026-02-16,1633.88
2125,CUST0245,2026-02-16,2826.93
206,CUST0023,2026-02-16,1758.0
3995,CUST0455,2026-02-16,3906.35
4452,CUST0515,2026-02-17,1751.0
100,CUST0011,2026-02-17,4674.5
3665,CUST0423,2026-02-17,3942.58
635,CUST0073,2026-02-17,3915.19
2277,CUST0263,2026-02-17,2197.46
3312,CUST0378,2026-02-17,3138.06
4982,CUST0587,2026-02-17,4156.11
1925,CUST0216,2026-02-17,1912.33
10,CUST0001,2026-02-17,2333.83
708,CUST0079,2026-02-17,2459.09
5107,CUST0599,2026-02-17,2135.17
344,CUST0040,2026-02-17,678.7
3113,CUST0362,2026-02-17,1780.14
4850,CUST0567,2026-02-17,1625.11
2382,CUST0283,2026-02-17,1704.32
3629,CUST0419,2026-02-18,762.4
1194,CUST0133,2026-02-18,3108.35
2093,CUST0240,2026-02-18,1212.3
4117,CUST0461,2026-02-18,2801.59
683,CUST0078,2026-02-18,4076.89
5116,CUST0599,2026-02-18,1322.54
2306,CUST0269,2026-02-18,739.04
1487,CUST0169,2026-02-18,3614.14
388,CUST0043,2026-02-18,1200.1
4474,CUST0516,2026-02-18,2865.8
3348,CUST0381,2026-02-18,2770.55
1250,CUST0142,2026-02-18,734.93
441,CUST0050,2026-02-18,1342.26
2465,CUST0291,2026-02-18,940.38
1275,CUST0146,2026-02-18,2287.94
4769,CUST0558,2026-02-18,1399.43
30,CUST0006,2026-02-19,1162.47
3313,CUST0378,2026-02-19,856.77
2115,CUST0245,2026-02-19,3417.48
4334,CUST0496,2026-02-19,1145.49
5031,CUST0589,2026-02-19,2618.94
1629,CUST0182,2026-02-19,2209.62
3335,CUST0380,2026-02-19,924.79
3333,CUST0380,2026-02-19,2106.49
221,CUST0026,2026-02-19,1644.23
1319,CUST0149,2026-02-19,2269.77
168,CUST0020,2026-02-19,1851.57
890,CUST0099,2026-02-19,1287.78
1727,CUST0196,2026-02-19,711.26
2013,CUST0228,2026-02-19,553.31
1672,CUST0191,2026-02-19,3398.84
1997,CUST0226,2026-02-19,1382.76
1845,CUST0208,2026-02-20,861.67
1983,CUST0224,2026-02-20,2246.49
4515,CUST0520,2026-02-20,431.39
3234,CUST0373,2026-02-20,3884.1
3632,CUST0419,2026-02-20,1072.52
3485,CUST0401,2026-02-20,1032.47
1168,CUST0131,2026-02-20,2148.94
429,CUST0047,2026-02-20,1132.0
359,CUST0041,2026-02-20,2181.87
3589,CUST0411,2026-02-20,951.27
2266,CUST0263,2026-02-20,4424.43
4274,CUST0487,2026-02-20,4606.84
3770,CUST0434,2026-02-21,2935.86
1028,CUST0111,2026-02-21,2025.38
20,CUST0003,2026-02-21,478.28
3678,CUST0425,2026-02-21,4721.18
3611,CUST0416,2026-02-21,1339.15
682,CUST0078,2026-02-21,3857.35
1789,CUST0203,2026-02-21,1649.98
4057,CUST0459,2026-02-21,4719.55
2689,CUST0313,2026-02-21,3088.26
4910,CUST0577,2026-02-21,4356.23
4575,CUST0529,2026-02-21,3805.13
5089,CUST0597,2026-02-21,932.88
5096,CUST0598,2026-02-21,2423.45
1566,CUST0176,2026-02-21,1136.72
1958,CUST0223,2026-02-21,2192.79
1993,CUST0225,2026-02-21,751.67
298,CUST0033,2026-02-21,992.12
1094,CUST0123,2026-02-21,978.65
2413,CUST0286,2026-02-21,3514.5
2352,CUST0278,2026-02-21,731.77
2485,CUST0292,2026-02-21,4772.0
2399,CUST0284,2026-02-21,2668.33
3831,CUST0437,2026-02-22,4089.93
2890,CUST0335,2026-02-22,4308.03
5005,CUST0588,2026-02-22,1995.07
1111,CUST0124,2026-02-22,1658.74
2184,CUST0254,2026-02-22,2138.75
4158,CUST0469,2026-02-22,2068.83
1080,CUST0118,2026-02-22,1745.29
1236,CUST0139,2026-02-22,1530.5
1302,CUST0146,2026-02-22,4124.54
438,CUST0050,2026-02-22,1089.6
4467,CUST0516,2026-02-22,4026.47
5041,CUST0590,2026-02-22,468.51
1209,CUST0134,2026-02-22,1184.47
4019,CUST0457,2026-02-22,3961.83
16,CUST0003,2026-02-22,551.16
2597,CUST0301,2026-02-22,3813.76
4697,CUST0547,2026-02-22,4291.95
1888,CUST0210,2026-02-23,1562.29
4886,CUST0573,2026-02-23,1039.17
4740,CUST0557,2026-02-23,1417.23
101,CUST0011,2026-02-23,1440.66
2593,CUST0301,2026-02-23,4391.69
2849,CUST0333,2026-02-23,3117.09
2951,CUST0340,2026-02-23,3842.42
4327,CUST0494,2026-02-23,759.49
782,CUST0084,2026-02-23,2514.89
1083,CUST0118,2026-02-23,1447.68
2296,CUST0268,2026-02-23,851.36
551,CUST0064,2026-02-24,556.72
3127,CUST0366,2026-02-24,735.23
3214,CUST0372,2026-02-24,3737.11
3029,CUST0350,2026-02-24,831.84
4754,CUST0558,2026-02-24,1041.8
266,CUST0032,2026-02-24,529.19
1383,CUST0156,2026-02-24,1368.45
1426,CUST0161,2026-02-24,1323.46
3106,CUST0360,2026-02-24,1248.68
3247,CUST0373,2026-02-24,2642.48
4576,CUST0529,2026-02-24,1079.84
753,CUST0083,2026-02-24,2457.54
1836,CUST0207,2026-02-24,4390.18
1861,CUST0209,2026-02-24,3393.62
905,CUST0100,2026-02-24,4230.38
1018,CUST0110,2026-02-24,4084.46
4193,CUST0473,2026-02-24,4717.11
2353,CUST0278,2026-02-24,452.26
4016,CUST0456,2026-02-24,880.33
716,CUST0080,2026-02-24,3946.99
1420,CUST0161,2026-02-25,842.67
513,CUST0059,2026-02-25,3620.55
3875,CUST0440,2026-02-25,4676.31
36,CUST0006,2026-02-25,516.87
1438,CUST0164,2026-02-25,509.09
4666,CUST0546,2026-02-25,1262.94
627,CUST0072,2026-02-25,1119.01
4383,CUST0503,2026-02-25,1465.0
3643,CUST0421,2026-02-25,1409.22
4797,CUST0563,2026-02-25,4769.16
2514,CUST0295,2026-02-25,3828.43
218,CUST0025,2026-02-25,1362.0
4232,CUST0477,2026-02-25,1447.06
1526,CUST0172,2026-02-25,3580.04
4195,CUST0473,2026-02-25,2487.53
2520,CUST0295,2026-02-25,3303.38
1276,CUST0146,2026-02-25,1733.92
2349,CUST0278,2026-02-25,527.42
1606,CUST0180,2026-02-26,2391.97
4442,CUST0512,2026-02-26,977.06
3109,CUST0361,2026-02-26,1155.63
2488,CUST0292,2026-02-26,4236.89
2391,CUST0284,2026-02-26,3704.9
3350,CUST0381,2026-02-26,2100.45
4356,CUST0498,2026-02-26,4815.28
1113,CUST0124,2026-02-26,4391.13
327,CUST0038,2026-02-26,3279.11
901,CUST0100,2026-02-26,1617.42
261,CUST0031,2026-02-26,1236.46
4707,CUST0550,2026-02-27,1456.19
1932,CUST0217,2026-02-27,2314.62
2064,CUST0238,2026-02-27,4382.29
46,CUST0007,2026-02-27,3786.0
2139,CUST0247,2026-02-27,1278.41
4594,CUST0534,2026-02-27,308.35
1539,CUST0172,2026-02-27,1303.54
921,CUST0100,2026-02-27,2830.31
2818,CUST0330,2026-02-27,2482.85
837,CUST0091,2026-02-27,2032.65
4173,CUST0471,2026-02-27,2168.74
3669,CUST0423,2026-02-27,2597.24
820,CUST0088,2026-02-28,580.2
1864,CUST0209,2026-02-28,3436.53
3480,CUST0401,2026-02-28,1006.48
4036,CUST0457,2026-02-28,4664.83
2543,CUST0298,2026-02-28,668.4
1933,CUST0217,2026-02-28,1996.01
4386,CUST0503,2026-02-28,1114.58
1411,CUST0159,2026-02-28,2257.62
1974,CUST0224,2026-02-28,753.39
3630,CUST0419,2026-02-28,650.54
3657,CUST0423,2026-02-28,1243.16
338,CUST0040,2026-02-28,1875.18
403,CUST0043,2026-02-28,4183.81
1107,CUST0124,2026-03-01,2282.81
3392,CUST0388,2026-03-01,1425.45
2416,CUST0286,2026-03-01,4025.08
578,CUST0067,2026-03-01,4812.41
17,CUST0003,2026-03-01,1468.18
3071,CUST0355,2026-03-01,841.07
1023,CUST0111,2026-03-01,1093.51
2650,CUST0310,2026-03-01,493.47
435,CUST0050,2026-03-01,2243.57
4035,CUST0457,2026-03-01,2096.9
2035,CUST0232,2026-03-01,735.93
4018,CUST0457,2026-03-01,4966.47
2756,CUST0321,2026-03-01,968.21
5017,CUST0589,2026-03-02,4337.1
122,CUST0015,2026-03-02,2493.44
3912,CUST0443,2026-03-02,2013.68
3791,CUST0435,2026-03-02,2632.47
3458,CUST0398,2026-03-02,1401.68
5080,CUST0594,2026-03-02,1277.8
4961,CUST0586,2026-03-02,1503.94
1723,CUST0195,2026-03-02,2277.96
1483,CUST0168,2026-03-02,1189.19
2825,CUST0330,2026-03-02,2253.13
1710,CUST0194,2026-03-02,1193.3
345,CUST0040,2026-03-02,1847.88
2679,CUST0312,2026-03-02,2222.68
2411,CUST0286,2026-03-02,4897.53
2466,CUST0291,2026-03-02,1499.31
2925,CUST0336,2026-03-03,4388.48
2075,CUST0238,2026-03-03,2206.11
4362,CUST0498,2026-03-03,3267.55
1372,CUST0153,2026-03-03,3765.87
5133,CUST0600,2026-03-03,893.67
3689,CUST0425,2026-03-03,3776.46
4485,CUST0516,2026-03-03,2569.78
3297,CUST0376,2026-03-03,651.84
537,CUST0062,2026-03-03,2286.35
418,CUST0046,2026-03-03,1948.85
1544,CUST0172,2026-03-03,1715.22
792,CUST0085,2026-03-03,437.8
4207,CUST0473,2026-03-03,1561.02
907,CUST0100,2026-03-03,2168.46
2499,CUST0294,2026-03-03,1305.07
1599,CUST0180,2026-03-03,3468.74
4148,CUST0467,2026-03-04,1020.84
48,CUST0007,2026-03-04,3025.33
5020,CUST0589,2026-03-04,1122.25
4752,CUST0557,2026-03-04,3541.59
795,CUST0085,2026-03-04,2442.83
84,CUST0011,2026-03-04,4249.28
4039,CUST0457,2026-03-04,3876.31
519,CUST0059,2026-03-04,2235.03
1,CUST0001,2026-03-04,1130.0
3152,CUST0370,2026-03-04,4097.03
1503,CUST0169,2026-03-04,880.45
1246,CUST0142,2026-03-04,2346.93
1082,CUST0118,2026-03-04,1586.68
1486,CUST0168,2026-03-04,829.34
2462,CUST0291,2026-03-04,4791.29
3675,CUST0425,2026-03-04,2017.95
3584,CUST0411,2026-03-04,2192.03
2445,CUST0291,2026-03-05,1005.82
2851,CUST0333,2026-03-05,938.0
2377,CUST0283,2026-03-05,1343.46
2584,CUST0300,2026-03-05,3475.76
4378,CUST0503,2026-03-05,1346.91
2961,CUST0343,2026-03-05,552.98
3544,CUST0408,2026-03-05,4338.32
1472,CUST0167,2026-03-05,924.3
4089,CUST0460,2026-03-05,2339.12
2509,CUST0295,2026-03-05,2686.95
4516,CUST0520,2026-03-06,648.53
4807,CUST0563,2026-03-06,1552.3
2092,CUST0240,2026-03-06,1156.83
2507,CUST0294,2026-03-06,1203.95
804,CUST0086,2026-03-06,2131.52
5058,CUST0591,2026-03-06,3381.5
3879,CUST0441,2026-03-06,2720.73
4692,CUST0547,2026-03-06,2394.45
4411,CUST0506,2026-03-06,1010.01
3625,CUST0418,2026-03-06,1815.42
931,CUST0101,2026-03-06,813.3
1199,CUST0133,2026-03-06,2723.69
3941,CUST0449,2026-03-06,1042.6
4395,CUST0505,2026-03-06,1015.93
1440,CUST0165,2026-03-07,1984.06
3691,CUST0426,2026-03-07,589.92
1443,CUST0165,2026-03-07,2118.28
2478,CUST0292,2026-03-07,4605.78
3600,CUST0415,2026-03-07,519.26
633,CUST0073,2026-03-07,1475.56
2387,CUST0284,2026-03-07,3020.57
2055,CUST0236,2026-03-07,630.27
649,CUST0073,2026-03-07,2684.16
4458,CUST0515,2026-03-07,1484.25
2408,CUST0286,2026-03-07,4992.44
1912,CUST0215,2026-03-07,1025.05
3229,CUST0373,2026-03-07,1274.82
3192,CUST0371,2026-03-08,1314.42
1493,CUST0169,2026-03-08,1705.1
2310,CUST0269,2026-03-08,1972.27
1126,CUST0125,2026-03-08,1038.82
1603,CUST0180,2026-03-08,4262.78
2698,CUST0313,2026-03-08,1642.99
118,CUST0014,2026-03-08,982.93
4746,CUST0557,2026-03-08,4468.59
4172,CUST0471,2026-03-08,1803.4
4800,CUST0563,2026-03-08,4498.3
4909,CUST0577,2026-03-08,2714.85
1173,CUST0131,2026-03-09,1304.13
3496,CUST0401,2026-03-09,3462.17
2521,CUST0295,2026-03-09,871.03
1776,CUST0202,2026-03-09,4509.75
2696,CUST0313,2026-03-09,3855.65
143,CUST0017,2026-03-09,1569.12
2792,CUST0326,2026-03-09,1781.53
1293,CUST0146,2026-03-09,2560.94
244,CUST0030,2026-03-09,1541.42
3034,CUST0350,2026-03-09,1701.26
2740,CUST0319,2026-03-09,1184.04
714,CUST0080,2026-03-09,1707.58
386,CUST0043,2026-03-09,3290.26
5066,CUST0592,2026-03-09,1390.53
524,CUST0060,2026-03-09,1221.19
4790,CUST0562,2026-03-10,720.78
1819,CUST0206,2026-03-10,4246.05
3964,CUST0450,2026-03-10,3346.05
3566,CUST0410,2026-03-10,2480.65
1806,CUST0206,2026-03-10,4981.68
2220,CUST0260,2026-03-10,3389.81
1968,CUST0223,2026-03-10,3761.17
145,CUST0017,2026-03-10,2476.33
1233,CUST0139,2026-03-10,1495.04
3227,CUST0372,2026-03-10,1538.29
1532,CUST0172,2026-03-10,3586.8
1889,CUST0210,2026-03-10,1958.77
2794,CUST0326,2026-03-10,956.83
2719,CUST0317,2026-03-10,2253.06
98,CUST0011,2026-03-11,3849.6
3677,CUST0425,2026-03-11,921.11
2063,CUST0238,2026-03-11,981.02
819,CUST0088,2026-03-11,1323.27
4490,CUST0516,2026-03-11,1019.43
487,CUST0057,2026-03-11,3229.23
491,CUST0058,2026-03-11,1145.49
3804,CUST0435,2026-03-11,2769.04
2067,CUST0238,2026-03-11,2934.2
4520,CUST0520,2026-03-11,577.93
4056,CUST0459,2026-03-11,1512.17
2790,CUST0326,2026-03-11,1436.74
4063,CUST0459,2026-03-11,4364.92
2512,CUST0295,2026-03-11,4477.88
5016,CUST0589,2026-03-11,3519.86
2081,CUST0238,2026-03-11,1626.09
4744,CUST0557,2026-03-12,4867.76
3184,CUST0371,2026-03-12,1827.93
2338,CUST0275,2026-03-12,466.76
134,CUST0016,2026-03-12,2386.84
1985,CUST0225,2026-03-12,2418.97
3805,CUST0435,2026-03-12,1517.19
2371,CUST0282,2026-03-12,1978.78
1992,CUST0225,2026-03-12,1150.1
4384,CUST0503,2026-03-12,2161.26
3842,CUST0437,2026-03-12,3080.29
829,CUST0091,2026-03-12,2786.48
107,CUST0011,2026-03-12,1582.55
235,CUST0027,2026-03-12,629.88
2233,CUST0260,2026-03-12,2850.09
1822,CUST0206,2026-03-12,1086.06
4145,CUST0467,2026-03-12,1061.52
985,CUST0107,2026-03-13,2162.61
4119,CUST0461,2026-03-13,4906.39
1682,CUST0191,2026-03-13,1056.23
4630,CUST0540,2026-03-13,2852.87
1627,CUST0182,2026-03-13,1221.03
3479,CUST0401,2026-03-13,3153.68
4150,CUST0467,2026-03-13,2104.81
4720,CUST0554,2026-03-13,926.85
2376,CUST0283,2026-03-13,507.45
689,CUST0078,2026-03-13,1985.19
3004,CUST0348,2026-03-13,1279.57
4484,CUST0516,2026-03-13,1939.71
1360,CUST0153,2026-03-13,3600.44
2412,CUST0286,2026-03-13,1185.47
1403,CUST0159,2026-03-13,1644.96
3181,CUST0371,2026-03-13,2150.48
1917,CUST0215,2026-03-13,958.67
1935,CUST0217,2026-03-13,840.35
3819,CUST0436,2026-03-13,1072.62
1777,CUST0202,2026-03-13,3378.71
3889,CUST0441,2026-03-13,1372.25
2378,CUST0283,2026-03-14,2352.26
3476,CUST0401,2026-03-14,4569.76
4627,CUST0540,2026-03-14,2548.3
2848,CUST0333,2026-03-14,2610.15
199,CUST0022,2026-03-14,3278.97
2441,CUST0290,2026-03-14,1207.98
4200,CUST0473,2026-03-14,2263.74
260,CUST0031,2026-03-14,859.39
2226,CUST0260,2026-03-14,3174.75
3778,CUST0434,2026-03-14,1685.89
5077,CUST0594,2026-03-14,2145.37
511,CUST0059,2026-03-14,884.11
3018,CUST0348,2026-03-14,1459.05
3256,CUST0374,2026-03-14,1693.03
1009,CUST0110,2026-03-14,3646.82
3509,CUST0405,2026-03-14,1458.17
2014,CUST0228,2026-03-14,1704.79
3497,CUST0401,2026-03-14,1676.34
3572,CUST0410,2026-03-14,1728.82
1006,CUST0110,2026-03-14,4371.46
4075,CUST0460,2026-03-14,1405.24
4184,CUST0471,2026-03-14,4142.84
3938,CUST0449,2026-03-14,2137.03
4547,CUST0527,2026-03-14,1177.19
4876,CUST0570,2026-03-14,938.45
2821,CUST0330,2026-03-14,1975.34
637,CUST0073,2026-03-14,1614.61
1204,CUST0133,2026-03-14,1848.0
3155,CUST0370,2026-03-15,4705.46
3914,CUST0444,2026-03-15,689.58
2895,CUST0335,2026-03-15,4445.46
835,CUST0091,2026-03-15,2743.98
1681,CUST0191,2026-03-15,4435.36
971,CUST0106,2026-03-15,1630.32
4802,CUST0563,2026-03-15,884.99
3133,CUST0366,2026-03-15,1136.35
2501,CUST0294,2026-03-15,1292.05
903,CUST0100,2026-03-15,3248.53
4840,CUST0565,2026-03-15,1993.47
343,CUST0040,2026-03-15,565.01
4280,CUST0487,2026-03-15,2782.89
3430,CUST0393,2026-03-15,2279.0
1680,CUST0191,2026-03-15,4124.15
4737,CUST0557,2026-03-16,2539.08
1423,CUST0161,2026-03-16,1320.76
3248,CUST0373,2026-03-16,4559.36
2603,CUST0301,2026-03-16,3039.9
5008,CUST0588,2026-03-16,4304.71
3340,CUST0381,2026-03-16,2621.87
57,CUST0007,2026-03-16,811.39
2891,CUST0335,2026-03-16,2309.75
2544,CUST0298,2026-03-16,1029.74
1143,CUST0129,2026-03-16,1467.91
123,CUST0015,2026-03-16,1029.15
913,CUST0100,2026-03-16,4619.71
1876,CUST0209,2026-03-16,3539.56
2238,CUST0260,2026-03-17,4703.49
1464,CUST0165,2026-03-17,4693.92
3659,CUST0423,2026-03-17,2546.25
3170,CUST0370,2026-03-17,2209.56
1320,CUST0149,2026-03-17,835.13
959,CUST0103,2026-03-17,1497.41
3019,CUST0348,2026-03-17,2704.35
3357,CUST0381,2026-03-17,1974.33
2108,CUST0245,2026-03-17,3421.81
3098,CUST0357,2026-03-17,3547.13
4488,CUST0516,2026-03-17,946.5
648,CUST0073,2026-03-17,1323.8
4406,CUST0506,2026-03-17,912.07
3893,CUST0441,2026-03-17,3568.45
5126,CUST0600,2026-03-18,3690.33
274,CUST0032,2026-03-18,2221.32
2970,CUST0343,2026-03-18,2215.25
1520,CUST0172,2026-03-18,4729.03
3811,CUST0435,2026-03-18,2199.62
374,CUST0041,2026-03-18,3269.85
2439,CUST0289,2026-03-18,1672.08
4570,CUST0529,2026-03-18,2659.97
439,CUST0050,2026-03-18,1169.57
1422,CUST0161,2026-03-18,963.98
3810,CUST0435,2026-03-18,3617.47
207,CUST0023,2026-03-18,2474.1
186,CUST0022,2026-03-18,2465.93
1301,CUST0146,2026-03-19,4249.83
2049,CUST0235,2026-03-19,2156.48
2525,CUST0295,2026-03-19,1794.55
3283,CUST0375,2026-03-19,1069.86
684,CUST0078,2026-03-19,4015.15
3775,CUST0434,2026-03-19,3936.32
2059,CUST0237,2026-03-19,583.64
1904,CUST0213,2026-03-19,633.7
3111,CUST0361,2026-03-19,1187.71
5029,CUST0589,2026-03-19,4427.22
1286,CUST0146,2026-03-19,3036.52
2231,CUST0260,2026-03-19,1361.52
2875,CUST0334,2026-03-20,1644.94
230,CUST0027,2026-03-20,901.43
1735,CUST0196,2026-03-20,1332.62
1859,CUST0209,2026-03-20,2859.72
331,CUST0038,2026-03-20,3831.93
1030,CUST0111,2026-03-20,2449.63
4551,CUST0527,2026-03-20,657.29
3477,CUST0401,2026-03-20,3787.32
3583,CUST0411,2026-03-20,1059.63
2304,CUST0269,2026-03-21,2067.78
4524,CUST0522,2026-03-21,2394.13
1330,CUST0149,2026-03-21,1618.9
3968,CUST0450,2026-03-21,4844.06
106,CUST0011,2026-03-21,4936.33
3206,CUST0371,2026-03-21,1720.05
1354,CUST0153,2026-03-21,1822.27
269,CUST0032,2026-03-21,1790.44
4050,CUST0459,2026-03-21,2555.6
543,CUST0062,2026-03-21,1054.81
2634,CUST0308,2026-03-21,730.13
3067,CUST0355,2026-03-21,2212.49
2665,CUST0312,2026-03-21,3141.25
367,CUST0041,2026-03-21,2557.28
5028,CUST0589,2026-03-22,3223.73
4107,CUST0461,2026-03-22,3510.67
4903,CUST0577,2026-03-22,1735.54
1646,CUST0185,2026-03-22,600.26
2270,CUST0263,2026-03-22,1029.36
4905,CUST0577,2026-03-22,3183.44
1840,CUST0207,2026-03-22,908.4
34,CUST0006,2026-03-22,916.51
2983,CUST0345,2026-03-22,913.53
3135,CUST0366,2026-03-22,1819.37
4069,CUST0459,2026-03-22,2326.94
1853,CUST0209,2026-03-22,3495.64
1147,CUST0129,2026-03-23,929.6
1169,CUST0131,2026-03-23,1718.79
4094,CUST0460,2026-03-23,4266.59
7,CUST0001,2026-03-23,593.81
2047,CUST0235,2026-03-23,1413.99
715,CUST0080,2026-03-23,4420.35
3110,CUST0361,2026-03-23,1822.33
60,CUST0007,2026-03-23,1248.14
3705,CUST0429,2026-03-23,870.02
42,CUST0007,2026-03-23,1517.73
3315,CUST0378,2026-03-23,4772.25
4000,CUST0455,2026-03-23,2473.95
4408,CUST0506,2026-03-23,917.17
2955,CUST0340,2026-03-23,2601.46
4358,CUST0498,2026-03-23,4792.24
4365,CUST0498,2026-03-23,3732.5
1442,CUST0165,2026-03-24,3212.01
1211,CUST0134,2026-03-24,2366.16
4759,CUST0558,2026-03-24,4876.52
4293,CUST0488,2026-03-24,2091.72
3305,CUST0378,2026-03-24,1009.08
1545,CUST0172,2026-03-24,4712.53
798,CUST0085,2026-03-24,1574.29
4866,CUST0568,2026-03-24,1512.53
1718,CUST0195,2026-03-24,1568.81
2926,CUST0336,2026-03-24,2439.37
3462,CUST0398,2026-03-24,1809.57
4522,CUST0521,2026-03-24,1384.78
5050,CUST0591,2026-03-25,811.21
1689,CUST0191,2026-03-25,1750.34
3191,CUST0371,2026-03-25,1275.73
530,CUST0061,2026-03-25,1077.31
2460,CUST0291,2026-03-25,4304.72
4382,CUST0503,2026-03-25,921.78
2670,CUST0312,2026-03-25,3696.25
2907,CUST0336,2026-03-25,1989.52
4729,CUST0556,2026-03-25,990.65
4114,CUST0461,2026-03-26,4235.54
2586,CUST0301,2026-03-26,3416.41
5054,CUST0591,2026-03-26,1698.12
1157,CUST0129,2026-03-26,3755.54
4380,CUST0503,2026-03-26,2387.16
2729,CUST0318,2026-03-26,596.63
1678,CUST0191,2026-03-26,2777.99
1110,CUST0124,2026-03-26,2889.67
1775,CUST0202,2026-03-26,4465.15
2263,CUST0263,2026-03-26,3051.85
3157,CUST0370,2026-03-26,1302.94
3168,CUST0370,2026-03-27,1567.03
4361,CUST0498,2026-03-27,3357.8
3825,CUST0437,2026-03-27,1001.42
588,CUST0067,2026-03-27,3656.96
2042,CUST0235,2026-03-27,548.12
807,CUST0086,2026-03-27,2242.2
2956,CUST0340,2026-03-27,2555.47
255,CUST0030,2026-03-27,3290.35
2491,CUST0292,2026-03-27,4141.43
3730,CUST0430,2026-03-27,2578.22
2312,CUST0269,2026-03-27,2253.49
90,CUST0011,2026-03-27,3313.46
3871,CUST0440,2026-03-27,1978.67
4675,CUST0546,2026-03-27,1801.1
2553,CUST0298,2026-03-27,2234.42
4747,CUST0557,2026-03-28,4695.18
4624,CUST0539,2026-03-28,800.1
4364,CUST0498,2026-03-28,1396.12
3461,CUST0398,2026-03-28,1450.75
1535,CUST0172,2026-03-28,2055.2
4735,CUST0557,2026-03-28,2574.41
826,CUST0090,2026-03-28,788.37
4199,CUST0473,2026-03-28,1963.39
428,CUST0047,2026-03-29,1800.64
2912,CUST0336,2026-03-29,3939.55
1921,CUST0216,2026-03-29,1362.89
4727,CUST0556,2026-03-29,407.51
3891,CUST0441,2026-03-29,3579.11
2397,CUST0284,2026-03-29,4445.6
1075,CUST0118,2026-03-29,1145.59
1963,CUST0223,2026-03-29,1153.87
2954,CUST0340,2026-03-29,2146.6
4519,CUST0520,2026-03-29,642.34
2504,CUST0294,2026-03-29,1839.87
1226,CUST0137,2026-03-29,392.57
2978,CUST0344,2026-03-30,1681.09
26,CUST0005,2026-03-30,1762.53
4862,CUST0568,2026-03-30,2197.91
351,CUST0041,2026-03-30,2225.69
874,CUST0098,2026-03-30,1622.62
3514,CUST0405,2026-03-30,1974.16
4875,CUST0570,2026-03-30,1043.32
2866,CUST0334,2026-03-30,4875.84
4067,CUST0459,2026-03-30,2333.35
3798,CUST0435,2026-03-30,2704.16
353,CUST0041,2026-03-30,3122.61
102,CUST0011,2026-03-30,2372.63
4696,CUST0547,2026-03-31,2257.6
496,CUST0058,2026-03-31,1828.28
2483,CUST0292,2026-03-31,1663.61
3129,CUST0366,2026-03-31,1882.09
5109,CUST0599,2026-03-31,972.35
5000,CUST0588,2026-03-31,4300.87
3676,CUST0425,2026-03-31,1295.34
1618,CUST0182,2026-03-31,3569.93
1725,CUST0196,2026-03-31,400.06
1447,CUST0165,2026-03-31,2777.64
3422,CUST0392,2026-03-31,1881.54
2629,CUST0308,2026-03-31,1801.4
283,CUST0033,2026-03-31,4235.46
1794,CUST0203,2026-04-01,2306.84
3537,CUST0408,2026-04-01,2536.56
2566,CUST0300,2026-04-01,1794.23
642,CUST0073,2026-04-01,4361.8
431,CUST0048,2026-04-01,1339.73
5120,CUST0600,2026-04-01,2681.36
3322,CUST0378,2026-04-01,1217.88
1780,CUST0202,2026-04-01,2542.83
2579,CUST0300,2026-04-01,3398.74
3735,CUST0431,2026-04-01,1441.16
2060,CUST0237,2026-04-01,790.52
3945,CUST0450,2026-04-02,1270.81
2111,CUST0245,2026-04-02,4209.59
1676,CUST0191,2026-04-02,4257.75
2811,CUST0329,2026-04-02,2143.43
200,CUST0023,2026-04-02,2095.6
3808,CUST0435,2026-04-02,1516.85
2325,CUST0270,2026-04-02,1881.53
4102,CUST0461,2026-04-02,3578.4
3112,CUST0361,2026-04-02,1515.81
3720,CUST0430,2026-04-02,866.52
2404,CUST0285,2026-04-02,630.12
4861,CUST0568,2026-04-02,2450.61
1883,CUST0210,2026-04-02,1144.19
4637,CUST0540,2026-04-02,1860.79
3016,CUST0348,2026-04-02,4454.1
4278,CUST0487,2026-04-03,2736.07
601,CUST0069,2026-04-03,1090.87
318,CUST0037,2026-04-03,789.6
1388,CUST0156,2026-04-03,751.45
1496,CUST0169,2026-04-03,4673.94
514,CUST0059,2026-04-03,3419.06
2717,CUST0317,2026-04-03,735.03
3263,CUST0375,2026-04-03,2458.77
1264,CUST0145,2026-04-03,1132.67
3608,CUST0416,2026-04-04,2335.63
1257,CUST0144,2026-04-04,2232.54
696,CUST0078,2026-04-04,3402.74
2477,CUST0292,2026-04-04,2027.45
461,CUST0055,2026-04-04,880.25
972,CUST0106,2026-04-04,550.73
3707,CUST0429,2026-04-04,829.9
4855,CUST0568,2026-04-04,1880.74
687,CUST0078,2026-04-04,3559.21
4571,CUST0529,2026-04-04,3915.59
568,CUST0065,2026-04-04,1079.35
2420,CUST0286,2026-04-04,4404.99
479,CUST0057,2026-04-04,3454.47
2381,CUST0283,2026-04-04,2222.17
4811,CUST0563,2026-04-05,2172.31
4258,CUST0483,2026-04-05,1350.86
4996,CUST0588,2026-04-05,4353.21
4353,CUST0498,2026-04-05,1511.19
4131,CUST0464,2026-04-05,666.69
1455,CUST0165,2026-04-05,3233.12
2519,CUST0295,2026-04-05,3539.58
3793,CUST0435,2026-04-05,3103.28
4098,CUST0461,2026-04-05,4376.23
895,CUST0099,2026-04-05,3348.88
319,CUST0038,2026-04-05,2705.51
2589,CUST0301,2026-04-05,2766.86
975,CUST0106,2026-04-05,2088.31
3736,CUST0431,2026-04-06,2177.89
4505,CUST0517,2026-04-06,637.52
3846,CUST0437,2026-04-06,1969.55
922,CUST0100,2026-04-06,3272.67
3967,CUST0450,2026-04-06,824.88
270,CUST0032,2026-04-06,1588.04
769,CUST0084,2026-04-06,3534.82
1820,CUST0206,2026-04-06,1637.53
1174,CUST0131,2026-04-06,543.54
2078,CUST0238,2026-04-06,4264.19
4985,CUST0587,2026-04-07,3267.14
2122,CUST0245,2026-04-07,3947.35
2103,CUST0244,2026-04-07,2249.88
4973,CUST0587,2026-04-07,3551.72
4749,CUST0557,2026-04-07,1645.25
565,CUST0065,2026-04-07,1410.82
2881,CUST0335,2026-04-07,4471.26
3347,CUST0381,2026-04-07,2439.58
3807,CUST0435,2026-04-07,2230.88
3267,CUST0375,2026-04-07,4231.4
754,CUST0083,2026-04-08,740.69
3223,CUST0372,2026-04-08,1684.22
3107,CUST0361,2026-04-08,1338.22
1300,CUST0146,2026-04-08,3049.76
3282,CUST0375,2026-04-08,4839.83
2919,CUST0336,2026-04-08,4469.94
2392,CUST0284,2026-04-08,1725.38
3782,CUST0434,2026-04-08,4172.92
3339,CUST0380,2026-04-08,1806.18
3344,CUST0381,2026-04-08,1563.6
2502,CUST0294,2026-04-08,743.59
4558,CUST0528,2026-04-08,2276.26
291,CUST0033,2026-04-08,2615.41
3977,CUST0453,2026-04-08,466.4
3801,CUST0435,2026-04-08,1275.02
2677,CUST0312,2026-04-08,1121.81
1979,CUST0224,2026-04-08,2142.08
3534,CUST0408,2026-04-09,4765.2
4785,CUST0562,2026-04-09,1407.52
1640,CUST0185,2026-04-09,2298.91
2953,CUST0340,2026-04-09,1631.61
1225,CUST0136,2026-04-09,461.96
4346,CUST0498,2026-04-09,1975.74
395,CUST0043,2026-04-09,2983.05
3614,CUST0417,2026-04-09,2063.6
2458,CUST0291,2026-04-09,3329.48
3660,CUST0423,2026-04-09,1764.75
208,CUST0024,2026-04-10,492.75
4964,CUST0586,2026-04-10,1011.67
3994,CUST0455,2026-04-10,1768.08
467,CUST0057,2026-04-10,4033.77
2127,CUST0245,2026-04-10,3803.53
1458,CUST0165,2026-04-10,2363.13
5034,CUST0590,2026-04-10,1706.86
4517,CUST0520,2026-04-10,2053.23
1151,CUST0129,2026-04-10,4011.82
2070,CUST0238,2026-04-10,1606.47
788,CUST0085,2026-04-10,1366.75
4410,CUST0506,2026-04-10,2463.65
3991,CUST0455,2026-04-10,4712.57
3317,CUST0378,2026-04-10,3758.87
4301,CUST0488,2026-04-10,774.35
1984,CUST0225,2026-04-10,1043.23
3131,CUST0366,2026-04-10,792.22
4462,CUST0515,2026-04-11,3942.28
4563,CUST0528,2026-04-11,573.74
4679,CUST0547,2026-04-11,4111.92
3097,CUST0357,2026-04-11,3832.33
4683,CUST0547,2026-04-11,4568.42
2753,CUST0320,2026-04-11,1450.61
2528,CUST0295,2026-04-11,4905.24
977,CUST0107,2026-04-11,2028.23
3444,CUST0395,2026-04-11,1183.04
3667,CUST0423,2026-04-11,4808.47
3300,CUST0378,2026-04-12,3900.23
3217,CUST0372,2026-04-12,1902.15
1409,CUST0159,2026-04-12,2449.99
328,CUST0038,2026-04-12,2103.52
5121,CUST0600,2026-04-12,4057.75
3674,CUST0425,2026-04-12,1817.17
3276,CUST0375,2026-04-12,3345.26
4121,CUST0461,2026-04-12,1853.35
2631,CUST0308,2026-04-12,1419.11
2535,CUST0295,2026-04-12,2547.88
2813,CUST0329,2026-04-12,2364.6
193,CUST0022,2026-04-12,1115.58
1191,CUST0133,2026-04-12,1909.96
1764,CUST0202,2026-04-13,4708.7
2239,CUST0260,2026-04-13,936.29
4113,CUST0461,2026-04-13,4310.03
2826,CUST0331,2026-04-13,2416.46
1042,CUST0112,2026-04-13,1235.81
3273,CUST0375,2026-04-13,898.42
2274,CUST0263,2026-04-13,2955.4
1221,CUST0136,2026-04-13,1739.15
2630,CUST0308,2026-04-13,1456.76
241,CUST0030,2026-04-13,4759.47
3956,CUST0450,2026-04-13,1052.31
4633,CUST0540,2026-04-13,3459.91
827,CUST0091,2026-04-13,2784.47
5043,CUST0590,2026-04-13,1569.84
717,CUST0080,2026-04-14,1061.55
3802,CUST0435,2026-04-14,2799.45
4839,CUST0565,2026-04-14,464.64
4837,CUST0565,2026-04-14,2004.92
4313,CUST0493,2026-04-14,1983.27
4108,CUST0461,2026-04-14,3503.84
1178,CUST0132,2026-04-14,1201.03
3860,CUST0440,2026-04-14,1263.72
1698,CUST0191,2026-04-14,916.94
3581,CUST0411,2026-04-14,654.66
3219,CUST0372,2026-04-14,2254.32
1239,CUST0139,2026-04-14,2053.48
4874,CUST0570,2026-04-14,836.27
3117,CUST0363,2026-04-14,372.82
3776,CUST0434,2026-04-14,2878.93
1133,CUST0126,2026-04-14,2094.06
1543,CUST0172,2026-04-14,4590.13
3781,CUST0434,2026-04-15,1543.91
3096,CUST0357,2026-04-15,2405.4
5046,CUST0591,2026-04-15,4544.11
5079,CUST0594,2026-04-15,405.15
885,CUST0099,2026-04-15,4848.87
129,CUST0015,2026-04-15,537.99
2728,CUST0318,2026-04-15,911.23
1575,CUST0178,2026-04-15,649.15
3864,CUST0440,2026-04-15,1162.98
841,CUST0091,2026-04-15,2931.13
2126,CUST0245,2026-04-15,1245.73
3046,CUST0354,2026-04-15,1078.71
3990,CUST0455,2026-04-16,2969.5
3176,CUST0370,2026-04-16,4677.54
1175,CUST0131,2026-04-16,1147.29
3557,CUST0410,2026-04-16,934.38
2180,CUST0254,2026-04-16,896.88
3291,CUST0376,2026-04-16,2057.51
2744,CUST0320,2026-04-16,654.88
4672,CUST0546,2026-04-16,439.0
656,CUST0073,2026-04-16,2820.09
188,CUST0022,2026-04-16,2831.77
3275,CUST0375,2026-04-17,4007.13
3336,CUST0380,2026-04-17,1714.57
647,CUST0073,2026-04-17,4481.93
3289,CUST0376,2026-04-17,485.23
5118,CUST0600,2026-04-17,945.95
4483,CUST0516,2026-04-17,4017.31
4835,CUST0565,2026-04-17,2234.48
3027,CUST0349,2026-04-17,623.76
4296,CUST0488,2026-04-17,505.14
4111,CUST0461,2026-04-17,3124.4
61,CUST0007,2026-04-17,4288.6
2145,CUST0247,2026-04-17,802.65
5006,CUST0588,2026-04-17,3872.75
3011,CUST0348,2026-04-17,1070.9
1552,CUST0174,2026-04-17,593.55
1862,CUST0209,2026-04-17,3268.33
4320,CUST0494,2026-04-17,1709.62
1576,CUST0178,2026-04-17,1836.12
1796,CUST0203,2026-04-17,1572.54
3164,CUST0370,2026-04-17,2889.78
3215,CUST0372,2026-04-17,3366.3
4076,CUST0460,2026-04-17,4282.56
3212,CUST0372,2026-04-17,3240.07
4830,CUST0564,2026-04-18,3733.62
4654,CUST0543,2026-04-18,1428.86
2385,CUST0284,2026-04-18,3224.88
1537,CUST0172,2026-04-18,1575.46
4890,CUST0573,2026-04-18,752.6
4851,CUST0567,2026-04-18,1891.06
8,CUST0001,2026-04-18,1718.59
4286,CUST0487,2026-04-18,1646.95
1641,CUST0185,2026-04-18,506.2
4174,CUST0471,2026-04-18,2488.95
4316,CUST0493,2026-04-18,697.26
2628,CUST0308,2026-04-18,1447.83
1081,CUST0118,2026-04-18,2040.83
4745,CUST0557,2026-04-18,3760.14
1015,CUST0110,2026-04-18,4538.9
703,CUST0079,2026-04-18,938.71
2403,CUST0285,2026-04-18,435.0
3278,CUST0375,2026-04-18,4500.22
4002,CUST0455,2026-04-18,3136.19
1206,CUST0133,2026-04-18,1291.68
2534,CUST0295,2026-04-18,2559.5
2513,CUST0295,2026-04-18,4631.27
3060,CUST0355,2026-04-19,4617.82
1502,CUST0169,2026-04-19,2426.75
3326,CUST0378,2026-04-19,1534.1
4030,CUST0457,2026-04-19,1374.23
3187,CUST0371,2026-04-19,2513.77
4532,CUST0522,2026-04-19,1895.6
4923,CUST0577,2026-04-19,957.74
4323,CUST0494,2026-04-19,1789.47
3696,CUST0427,2026-04-20,2421.85
4187,CUST0471,2026-04-20,3042.5
4577,CUST0529,2026-04-20,4819.37
1317,CUST0149,2026-04-20,2372.82
1254,CUST0143,2026-04-20,309.56
1260,CUST0144,2026-04-20,1727.65
3786,CUST0434,2026-04-20,3218.3
1562,CUST0176,2026-04-21,2477.81
141,CUST0017,2026-04-21,1112.47
1186,CUST0133,2026-04-21,2978.54
3281,CUST0375,2026-04-21,4338.35
179,CUST0022,2026-04-21,2286.26
5057,CUST0591,2026-04-21,4165.76
3890,CUST0441,2026-04-21,2777.2
3269,CUST0375,2026-04-21,3928.43
4826,CUST0564,2026-04-21,4019.54
3612,CUST0416,2026-04-21,1321.21
640,CUST0073,2026-04-21,2292.62
4794,CUST0562,2026-04-21,1357.49
5122,CUST0600,2026-04-21,3918.17
2599,CUST0301,2026-04-21,2533.25
3446,CUST0395,2026-04-22,1611.45
4130,CUST0464,2026-04-22,435.43
292,CUST0033,2026-04-22,1553.89
5130,CUST0600,2026-04-22,3617.19
1134,CUST0126,2026-04-22,863.03
1489,CUST0169,2026-04-22,1011.02
2585,CUST0300,2026-04-22,1343.4
242,CUST0030,2026-04-22,1768.39
723,CUST0080,2026-04-22,3978.36
5104,CUST0598,2026-04-22,1758.01
4443,CUST0512,2026-04-22,1321.18
4824,CUST0564,2026-04-22,4116.86
471,CUST0057,2026-04-22,3619.98
4849,CUST0567,2026-04-22,1438.64
4324,CUST0494,2026-04-22,1024.73
1318,CUST0149,2026-04-22,3835.5
3895,CUST0441,2026-04-22,4170.77
3047,CUST0354,2026-04-22,1162.98
2219,CUST0260,2026-04-22,1677.96
1995,CUST0225,2026-04-22,532.57
2459,CUST0291,2026-04-23,4082.14
3729,CUST0430,2026-04-23,1328.37
1128,CUST0126,2026-04-23,1936.62
3343,CUST0381,2026-04-23,3082.3
2952,CUST0340,2026-04-23,4407.72
2113,CUST0245,2026-04-23,4298.34
1387,CUST0156,2026-04-23,2213.65
1830,CUST0207,2026-04-23,2998.29
494,CUST0058,2026-04-23,1744.35
4105,CUST0461,2026-04-23,3305.19
4097,CUST0461,2026-04-23,911.73
2061,CUST0237,2026-04-23,975.38
3679,CUST0425,2026-04-24,935.76
730,CUST0080,2026-04-24,1073.86
195,CUST0022,2026-04-24,3691.29
3702,CUST0429,2026-04-24,681.65
632,CUST0072,2026-04-24,2233.98
2437,CUST0289,2026-04-24,933.94
43,CUST0007,2026-04-24,4703.38
365,CUST0041,2026-04-24,3531.37
3725,CUST0430,2026-04-24,4178.08
5039,CUST0590,2026-04-24,760.2
2424,CUST0286,2026-04-24,2220.57
1259,CUST0144,2026-04-24,2099.58
1176,CUST0131,2026-04-25,1308.81
424,CUST0047,2026-04-25,2224.7
1188,CUST0133,2026-04-25,1275.87
2693,CUST0313,2026-04-25,1262.31
833,CUST0091,2026-04-25,832.19
625,CUST0072,2026-04-25,1839.13
1366,CUST0153,2026-04-25,4403.7
3573,CUST0410,2026-04-25,3987.78
1587,CUST0180,2026-04-25,1244.67
3898,CUST0441,2026-04-25,2535.42
1035,CUST0112,2026-04-25,1951.96
4997,CUST0588,2026-04-25,3853.21
3149,CUST0369,2026-04-25,2046.34
3169,CUST0370,2026-04-26,3477.1
3523,CUST0407,2026-04-26,1353.12
4566,CUST0529,2026-04-26,1366.15
65,CUST0007,2026-04-26,4335.68
1185,CUST0133,2026-04-26,848.22
791,CUST0085,2026-04-26,2084.94
947,CUST0101,2026-04-26,2235.49
1419,CUST0161,2026-04-26,2057.76
4461,CUST0515,2026-04-26,2721.79
2257,CUST0263,2026-04-26,3705.22
2894,CUST0335,2026-04-26,1725.84
5075,CUST0594,2026-04-27,1589.58
3415,CUST0392,2026-04-27,977.08
28,CUST0006,2026-04-27,1571.26
4919,CUST0577,2026-04-27,2349.29
3009,CUST0348,2026-04-27,1065.39
2048,CUST0235,2026-04-27,1474.74
3304,CUST0378,2026-04-27,4969.64
1381,CUST0156,2026-04-27,1330.42
2797,CUST0327,2026-04-28,1214.93
3063,CUST0355,2026-04-28,2449.92
1662,CUST0190,2026-04-28,728.27
2107,CUST0244,2026-04-28,1289.92
4975,CUST0587,2026-04-28,1573.85
3246,CUST0373,2026-04-28,4773.52
3747,CUST0431,2026-04-28,3985.3
4403,CUST0506,2026-04-28,1492.0
139,CUST0016,2026-04-28,456.9
1382,CUST0156,2026-04-28,1763.97
2379,CUST0283,2026-04-29,1077.9
5053,CUST0591,2026-04-29,2480.99
3225,CUST0372,2026-04-29,2122.18
3944,CUST0449,2026-04-29,1266.79
2977,CUST0344,2026-04-29,1789.91
3280,CUST0375,2026-04-29,1990.73
201,CUST0023,2026-04-29,2395.5
4049,CUST0459,2026-04-29,3839.16
2550,CUST0298,2026-04-29,1723.04
4044,CUST0459,2026-04-29,4977.15
1623,CUST0182,2026-04-29,2886.96
3274,CUST0375,2026-04-29,1101.27
3982,CUST0453,2026-04-29,1709.12
2234,CUST0260,2026-04-29,2326.3
3196,CUST0371,2026-04-29,2162.93
915,CUST0100,2026-04-29,4453.87
5088,CUST0596,2026-04-30,1339.01
4819,CUST0564,2026-04-30,837.82
3865,CUST0440,2026-04-30,1367.16
2417,CUST0286,2026-04-30,2644.35
4042,CUST0458,2026-04-30,930.7
2930,CUST0336,2026-04-30,4766.75
2781,CUST0324,2026-04-30,445.57
4962,CUST0586,2026-04-30,2378.92
3341,CUST0381,2026-04-30,1867.42
2467,CUST0291,2026-04-30,4053.2
1164,CUST0129,2026-04-30,4434.24
2273,CUST0263,2026-04-30,1609.24
3996,CUST0455,2026-04-30,1276.97
4678,CUST0546,2026-04-30,1075.07
1156,CUST0129,2026-04-30,4323.79
3075,CUST0355,2026-04-30,4336.33
1019,CUST0110,2026-04-30,1923.89
3189,CUST0371,2026-04-30,2106.35
4001,CUST0455,2026-04-30,1869.83
1020,CUST0110,2026-04-30,3689.79
5,CUST0001,2026-05-01,670.37
3887,CUST0441,2026-05-01,4106.87
1583,CUST0178,2026-05-01,644.35
3746,CUST0431,2026-05-01,2890.29
1130,CUST0126,2026-05-01,1083.12
3006,CUST0348,2026-05-01,806.0
2237,CUST0260,2026-05-01,3435.37
3435,CUST0393,2026-05-01,2320.33
3533,CUST0408,2026-05-01,2696.88
3916,CUST0444,2026-05-02,1808.57
2157,CUST0251,2026-05-02,1924.78
3182,CUST0371,2026-05-02,1899.02
659,CUST0073,2026-05-02,3752.36
600,CUST0069,2026-05-02,1872.74
643,CUST0073,2026-05-03,4297.26
474,CUST0057,2026-05-03,3894.87
1911,CUST0214,2026-05-03,1315.59
240,CUST0030,2026-05-03,1072.94
873,CUST0098,2026-05-03,1305.07
468,CUST0057,2026-05-03,1794.86
1238,CUST0139,2026-05-03,1799.57
373,CUST0041,2026-05-03,4441.53
4870,CUST0570,2026-05-03,1870.4
842,CUST0091,2026-05-03,924.61
3491,CUST0401,2026-05-03,1030.11
5030,CUST0589,2026-05-03,2046.21
1928,CUST0217,2026-05-03,689.02
2062,CUST0238,2026-05-03,4872.39
3738,CUST0431,2026-05-03,3674.18
3672,CUST0424,2026-05-04,1096.04
2405,CUST0286,2026-05-04,4990.22
943,CUST0101,2026-05-04,4132.25
2720,CUST0317,2026-05-04,815.15
1926,CUST0217,2026-05-04,1740.83
320,CUST0038,2026-05-04,3996.3
900,CUST0100,2026-05-04,4272.62
1964,CUST0223,2026-05-04,3581.72
4682,CUST0547,2026-05-04,2191.1
1312,CUST0148,2026-05-04,1487.06
4634,CUST0540,2026-05-04,1904.1
202,CUST0023,2026-05-04,1537.99
2307,CUST0269,2026-05-05,2378.98
1203,CUST0133,2026-05-05,3250.94
4041,CUST0458,2026-05-05,353.86
4292,CUST0488,2026-05-05,998.19
2905,CUST0336,2026-05-05,1886.56
581,CUST0067,2026-05-05,1869.62
4657,CUST0543,2026-05-05,2292.94
631,CUST0072,2026-05-05,718.3
4832,CUST0565,2026-05-05,1542.82
2278,CUST0264,2026-05-05,1485.75
2195,CUST0255,2026-05-05,1170.28
4457,CUST0515,2026-05-06,4072.08
1095,CUST0123,2026-05-06,2053.85
4809,CUST0563,2026-05-06,3417.22
976,CUST0106,2026-05-06,1582.91
1722,CUST0195,2026-05-06,1764.55
4731,CUST0556,2026-05-06,1517.43
1131,CUST0126,2026-05-06,930.91
2652,CUST0311,2026-05-06,1993.62
3780,CUST0434,2026-05-07,2751.25
526,CUST0060,2026-05-07,1533.44
3961,CUST0450,2026-05-07,1540.02
839,CUST0091,2026-05-07,1995.16
4331,CUST0496,2026-05-07,1069.26
4865,CUST0568,2026-05-07,1391.79
2545,CUST0298,2026-05-07,1396.52
5111,CUST0599,2026-05-07,1941.66
4674,CUST0546,2026-05-08,1961.62
5022,CUST0589,2026-05-08,3500.65
1867,CUST0209,2026-05-08,1743.56
322,CUST0038,2026-05-08,2740.81
4338,CUST0498,2026-05-08,3889.7
1112,CUST0124,2026-05-08,2041.92
1643,CUST0185,2026-05-08,2091.86
248,CUST0030,2026-05-08,1708.56
2386,CUST0284,2026-05-08,1915.34
4236,CUST0477,2026-05-08,2956.69
3388,CUST0387,2026-05-09,1086.58
2443,CUST0291,2026-05-09,1039.41
3277,CUST0375,2026-05-09,1011.91
152,CUST0017,2026-05-09,1750.14
1135,CUST0126,2026-05-09,1225.71
4491,CUST0516,2026-05-09,4027.28
4022,CUST0457,2026-05-09,1316.23
4917,CUST0577,2026-05-09,2660.92
3432,CUST0393,2026-05-09,1943.19
3558,CUST0410,2026-05-09,2180.85
2757,CUST0321,2026-05-09,508.77
1660,CUST0188,2026-05-09,588.64
103,CUST0011,2026-05-10,3893.07
2480,CUST0292,2026-05-10,4644.22
3093,CUST0357,2026-05-10,1003.55
768,CUST0084,2026-05-10,3906.62
1252,CUST0142,2026-05-10,1968.23
2718,CUST0317,2026-05-10,1506.72
590,CUST0067,2026-05-10,3567.95
3417,CUST0392,2026-05-10,2397.93
3876,CUST0440,2026-05-10,3537.06
1808,CUST0206,2026-05-11,1426.39
4238,CUST0478,2026-05-11,539.26
2844,CUST0333,2026-05-11,3797.34
3510,CUST0405,2026-05-11,2201.63
2941,CUST0340,2026-05-11,2640.07
2037,CUST0234,2026-05-11,428.16
2921,CUST0336,2026-05-11,2226.71
2185,CUST0254,2026-05-11,2460.48
25,CUST0005,2026-05-11,1826.11
209,CUST0024,2026-05-11,2343.02
3302,CUST0378,2026-05-11,3125.45
2690,CUST0313,2026-05-11,3750.07
3092,CUST0357,2026-05-11,4211.15
577,CUST0067,2026-05-11,4097.07
997,CUST0109,2026-05-11,1998.18
1835,CUST0207,2026-05-11,1014.83
784,CUST0084,2026-05-12,4191.06
1316,CUST0149,2026-05-12,1088.6
2858,CUST0333,2026-05-12,3060.11
4655,CUST0543,2026-05-12,1275.82
1198,CUST0133,2026-05-12,1186.68
2489,CUST0292,2026-05-13,1404.25
2,CUST0001,2026-05-13,586.28
2071,CUST0238,2026-05-13,2691.19
5131,CUST0600,2026-05-13,1471.84
2400,CUST0284,2026-05-13,1892.2
196,CUST0022,2026-05-13,2730.66
2856,CUST0333,2026-05-13,3702.64
1679,CUST0191,2026-05-13,1683.34
597,CUST0069,2026-05-13,1146.99
694,CUST0078,2026-05-14,1456.8
2407,CUST0286,2026-05-14,4708.82
4340,CUST0498,2026-05-14,4688.31
1807,CUST0206,2026-05-14,3623.45
1449,CUST0165,2026-05-14,4320.57
4318,CUST0494,2026-05-14,1243.47
4580,CUST0529,2026-05-14,2437.06
5037,CUST0590,2026-05-14,522.08
2470,CUST0292,2026-05-14,4899.56
2651,CUST0310,2026-05-14,1347.7
4475,CUST0516,2026-05-15,3215.87
1473,CUST0167,2026-05-15,1709.3
2646,CUST0310,2026-05-15,890.75
4670,CUST0546,2026-05-15,428.19
2235,CUST0260,2026-05-15,2600.31
3694,CUST0427,2026-05-15,1208.41
3498,CUST0401,2026-05-15,3235.3
1610,CUST0181,2026-05-15,1082.94
293,CUST0033,2026-05-15,1230.54
3394,CUST0388,2026-05-15,1971.56
4567,CUST0529,2026-05-15,2948.03
489,CUST0057,2026-05-16,1159.76
420,CUST0047,2026-05-16,2423.03
3299,CUST0378,2026-05-16,3919.89
3005,CUST0348,2026-05-16,3266.86
751,CUST0083,2026-05-16,1922.89
5035,CUST0590,2026-05-16,1053.19
4622,CUST0538,2026-05-16,1443.75
1875,CUST0209,2026-05-16,3706.61
732,CUST0080,2026-05-16,3062.55
2583,CUST0300,2026-05-17,3038.83
3727,CUST0430,2026-05-17,2235.84
4991,CUST0588,2026-05-17,4219.08
5129,CUST0600,2026-05-17,4040.24
3714,CUST0430,2026-05-17,4709.77
2428,CUST0286,2026-05-17,2125.81
2216,CUST0260,2026-05-17,2489.97
892,CUST0099,2026-05-17,4531.3
2450,CUST0291,2026-05-17,3887.96
2565,CUST0300,2026-05-17,1547.11
1691,CUST0191,2026-05-18,1854.54
1363,CUST0153,2026-05-18,1198.66
2279,CUST0264,2026-05-18,695.08
2264,CUST0263,2026-05-18,2718.93
2186,CUST0254,2026-05-18,650.34
3726,CUST0430,2026-05-18,1210.0
313,CUST0037,2026-05-18,1966.26
4009,CUST0455,2026-05-18,3179.06
3789,CUST0435,2026-05-18,989.37
4070,CUST0460,2026-05-18,3686.97
385,CUST0043,2026-05-18,1838.37
59,CUST0007,2026-05-18,2529.73
3108,CUST0361,2026-05-18,1383.1
50,CUST0007,2026-05-18,3241.2
3024,CUST0349,2026-05-18,2090.7
3718,CUST0430,2026-05-18,4474.75
4221,CUST0477,2026-05-19,2695.98
1824,CUST0206,2026-05-19,2670.62
4976,CUST0587,2026-05-19,3001.88
3025,CUST0349,2026-05-19,1556.15
1405,CUST0159,2026-05-19,539.71
3957,CUST0450,2026-05-19,1403.49
3099,CUST0357,2026-05-19,2593.87
1079,CUST0118,2026-05-19,2023.49
3419,CUST0392,2026-05-19,1025.88
2699,CUST0313,2026-05-19,3066.58
3564,CUST0410,2026-05-19,2875.46
4028,CUST0457,2026-05-19,4969.78
1695,CUST0191,2026-05-19,4987.02
4877,CUST0571,2026-05-20,767.46
1467,CUST0165,2026-05-20,4150.48
4454,CUST0515,2026-05-20,1109.04
2143,CUST0247,2026-05-20,1088.47
2531,CUST0295,2026-05-20,1695.46
4928,CUST0579,2026-05-20,929.34
4143,CUST0466,2026-05-20,1485.15
4751,CUST0557,2026-05-20,1103.86
4933,CUST0580,2026-05-20,809.87
1445,CUST0165,2026-05-20,4535.98
4142,CUST0466,2026-05-20,1486.61
3824,CUST0437,2026-05-21,2699.17
4008,CUST0455,2026-05-21,1486.93
4468,CUST0516,2026-05-21,938.5
231,CUST0027,2026-05-21,1381.35
1036,CUST0112,2026-05-21,1131.0
4319,CUST0494,2026-05-21,2032.09
2486,CUST0292,2026-05-21,2987.72
2455,CUST0291,2026-05-21,3988.8
884,CUST0099,2026-05-21,3690.75
1628,CUST0182,2026-05-21,3579.22
2532,CUST0295,2026-05-21,4227.01
3952,CUST0450,2026-05-21,1545.42
630,CUST0072,2026-05-21,1024.85
1626,CUST0182,2026-05-21,4148.29
2569,CUST0300,2026-05-21,3903.51
64,CUST0007,2026-05-21,4691.09
3962,CUST0450,2026-05-22,2549.69
688,CUST0078,2026-05-22,856.29
3352,CUST0381,2026-05-22,2002.14
2401,CUST0284,2026-05-22,2424.13
1297,CUST0146,2026-05-22,3439.39
3954,CUST0450,2026-05-22,1728.53
2410,CUST0286,2026-05-22,2513.16
3241,CUST0373,2026-05-22,1922.28
4553,CUST0527,2026-05-22,1311.26
4343,CUST0498,2026-05-22,3845.39
5027,CUST0589,2026-05-23,4677.48
1329,CUST0149,2026-05-23,2423.8
94,CUST0011,2026-05-23,1754.87
960,CUST0103,2026-05-23,1831.67
4,CUST0001,2026-05-23,833.3
1772,CUST0202,2026-05-23,3564.03
2673,CUST0312,2026-05-23,4855.18
2886,CUST0335,2026-05-23,1747.79
4640,CUST0540,2026-05-23,4959.57
2688,CUST0313,2026-05-23,2150.44
4734,CUST0556,2026-05-23,1287.79
4020,CUST0457,2026-05-23,2542.36
1567,CUST0176,2026-05-23,732.44
2850,CUST0333,2026-05-23,1008.29
2687,CUST0313,2026-05-24,4763.82
3529,CUST0408,2026-05-24,2966.97
574,CUST0066,2026-05-24,689.61
4040,CUST0457,2026-05-24,2950.48
1924,CUST0216,2026-05-24,439.79
4687,CUST0547,2026-05-24,1183.23
3837,CUST0437,2026-05-24,4838.3
948,CUST0101,2026-05-24,3910.0
3342,CUST0381,2026-05-24,2080.32
2469,CUST0292,2026-05-25,1405.81
902,CUST0100,2026-05-25,4858.95
1002,CUST0110,2026-05-25,4436.44
1013,CUST0110,2026-05-25,4893.29
1873,CUST0209,2026-05-25,4177.5
2505,CUST0294,2026-05-25,624.76
1118,CUST0124,2026-05-25,2280.93
5132,CUST0600,2026-05-25,4084.78
1972,CUST0224,2026-05-25,1398.5
2663,CUST0312,2026-05-25,1801.02
3183,CUST0371,2026-05-25,2841.39
5115,CUST0599,2026-05-25,2112.99
3424,CUST0393,2026-05-25,652.33
182,CUST0022,2026-05-26,2435.04
2275,CUST0263,2026-05-26,2780.83
4136,CUST0466,2026-05-26,1493.2
3329,CUST0380,2026-05-26,1001.14
2661,CUST0312,2026-05-26,3269.19
4208,CUST0473,2026-05-26,2729.83
1299,CUST0146,2026-05-26,3871.53
4092,CUST0460,2026-05-26,4202.53
3036,CUST0351,2026-05-26,365.41
942,CUST0101,2026-05-26,1684.96
2169,CUST0252,2026-05-26,2107.61
964,CUST0103,2026-05-26,1800.39
3061,CUST0355,2026-05-26,4221.17
4045,CUST0459,2026-05-26,3353.42
3426,CUST0393,2026-05-26,866.37
3198,CUST0371,2026-05-26,1481.17
918,CUST0100,2026-05-26,2760.48
539,CUST0062,2026-05-27,1799.24
1025,CUST0111,2026-05-27,1922.2
562,CUST0064,2026-05-27,1503.56
4757,CUST0558,2026-05-27,2338.26
2564,CUST0300,2026-05-27,4215.2
5025,CUST0589,2026-05-27,906.56
4632,CUST0540,2026-05-27,2949.99
1866,CUST0209,2026-05-27,4472.09
35,CUST0006,2026-05-27,2186.72
540,CUST0062,2026-05-27,888.36
840,CUST0091,2026-05-27,1278.12
409,CUST0045,2026-05-27,711.52
4495,CUST0516,2026-05-27,1911.09
3953,CUST0450,2026-05-27,906.99
2167,CUST0252,2026-05-28,987.24
358,CUST0041,2026-05-28,4461.49
4676,CUST0546,2026-05-28,891.81
978,CUST0107,2026-05-28,1443.06
3963,CUST0450,2026-05-28,1165.15
1248,CUST0142,2026-05-28,1260.31
4351,CUST0498,2026-05-28,2913.71
721,CUST0080,2026-05-28,1886.21
1850,CUST0209,2026-05-28,1398.74
2873,CUST0334,2026-05-28,2527.59
2887,CUST0335,2026-05-28,4128.67
370,CUST0041,2026-05-29,2587.07
1313,CUST0148,2026-05-29,1496.62
1770,CUST0202,2026-05-29,2225.08
4059,CUST0459,2026-05-29,2296.09
280,CUST0033,2026-05-29,821.61
3571,CUST0410,2026-05-29,4516.69
341,CUST0040,2026-05-29,1521.91
3900,CUST0441,2026-05-29,2297.81
1542,CUST0172,2026-05-29,1490.5
21,CUST0004,2026-05-29,324.09
781,CUST0084,2026-05-30,939.4
3960,CUST0450,2026-05-30,4995.38
2523,CUST0295,2026-05-30,4242.64
4268,CUST0485,2026-05-30,1078.24
1162,CUST0129,2026-05-30,4838.36
2308,CUST0269,2026-05-30,450.49
3830,CUST0437,2026-05-30,848.41
4688,CUST0547,2026-05-30,1988.38
4460,CUST0515,2026-05-30,1581.89
3940,CUST0449,2026-05-30,1562.33
3785,CUST0434,2026-05-30,2743.0
3536,CUST0408,2026-05-30,2501.9
529,CUST0061,2026-05-30,1039.83
1768,CUST0202,2026-05-30,3234.87
4582,CUST0529,2026-05-30,2286.4
3899,CUST0441,2026-05-30,4969.89
163,CUST0020,2026-05-30,1537.43
4798,CUST0563,2026-05-31,804.29
946,CUST0101,2026-05-31,860.12
390,CUST0043,2026-05-31,1884.16
2318,CUST0270,2026-05-31,2188.88
1843,CUST0207,2026-05-31,4066.81
4913,CUST0577,2026-05-31,4206.65
3177,CUST0370,2026-05-31,2699.72
354,CUST0041,2026-05-31,2699.74
2672,CUST0312,2026-06-01,2053.67
4492,CUST0516,2026-06-01,938.82
1809,CUST0206,2026-06-01,4792.24
1960,CUST0223,2026-06-01,1823.0
709,CUST0080,2026-06-01,3835.82
5110,CUST0599,2026-06-01,1141.35
4974,CUST0587,2026-06-01,907.66
544,CUST0062,2026-06-01,1322.97
808,CUST0086,2026-06-01,1802.39
3859,CUST0440,2026-06-01,812.69
999,CUST0110,2026-06-01,2796.71
1283,CUST0146,2026-06-01,3651.71
1582,CUST0178,2026-06-01,870.36
4359,CUST0498,2026-06-01,3090.92
1769,CUST0202,2026-06-01,4226.23
4219,CUST0477,2026-06-02,4756.36
3563,CUST0410,2026-06-02,2952.85
2422,CUST0286,2026-06-02,1955.71
372,CUST0041,2026-06-02,2920.35
2471,CUST0292,2026-06-02,3965.62
1374,CUST0154,2026-06-02,1049.54
2667,CUST0312,2026-06-02,2081.42
486,CUST0057,2026-06-02,3333.52
3428,CUST0393,2026-06-02,1333.14
4728,CUST0556,2026-06-02,1049.91
1171,CUST0131,2026-06-02,1004.03
2697,CUST0313,2026-06-02,1995.63
2089,CUST0240,2026-06-02,1120.15
729,CUST0080,2026-06-03,3143.52
919,CUST0100,2026-06-03,4872.35
3213,CUST0372,2026-06-03,4431.07
3483,CUST0401,2026-06-03,940.39
2852,CUST0333,2026-06-03,4607.94
4617,CUST0538,2026-06-03,1037.81
2198,CUST0256,2026-06-03,1141.04
1451,CUST0165,2026-06-03,1317.58
3,CUST0001,2026-06-03,1522.29
4636,CUST0540,2026-06-04,2866.89
5002,CUST0588,2026-06-04,1139.27
288,CUST0033,2026-06-04,1286.54
1631,CUST0182,2026-06-04,4286.63
1720,CUST0195,2026-06-04,598.28
1481,CUST0168,2026-06-04,1996.89
4329,CUST0495,2026-06-04,353.48
4003,CUST0455,2026-06-04,3048.06
579,CUST0067,2026-06-05,3566.51
4993,CUST0588,2026-06-05,1287.27
4202,CUST0473,2026-06-05,933.92
3883,CUST0441,2026-06-05,2665.27
4138,CUST0466,2026-06-05,2467.75
2627,CUST0307,2026-06-05,710.01
1166,CUST0130,2026-06-05,1107.24
1187,CUST0133,2026-06-05,1233.11
4994,CUST0588,2026-06-05,2616.28
4027,CUST0457,2026-06-05,3223.62
3167,CUST0370,2026-06-05,3417.32
3861,CUST0440,2026-06-06,4714.96
525,CUST0060,2026-06-06,2354.25
650,CUST0073,2026-06-06,4077.68
4808,CUST0563,2026-06-06,3000.96
1007,CUST0110,2026-06-06,2358.88
5127,CUST0600,2026-06-06,4101.62
239,CUST0029,2026-06-06,1384.47
645,CUST0073,2026-06-06,2173.11
655,CUST0073,2026-06-06,2489.77
3894,CUST0441,2026-06-06,2208.38
4972,CUST0587,2026-06-06,1340.02
3531,CUST0408,2026-06-06,2400.82
697,CUST0078,2026-06-06,3036.17
1167,CUST0131,2026-06-07,1057.01
3478,CUST0401,2026-06-07,3953.32
4671,CUST0546,2026-06-07,1723.84
149,CUST0017,2026-06-07,1729.81
1693,CUST0191,2026-06-07,1312.43
95,CUST0011,2026-06-07,2740.42
4465,CUST0515,2026-06-07,3851.66
380,CUST0043,2026-06-07,3879.07
3617,CUST0417,2026-06-07,1575.7
1550,CUST0174,2026-06-07,607.35
5081,CUST0594,2026-06-07,2077.42
910,CUST0100,2026-06-07,965.73
2276,CUST0263,2026-06-07,840.08
194,CUST0022,2026-06-07,2533.73
1838,CUST0207,2026-06-07,4324.42
2903,CUST0335,2026-06-08,3923.13
1642,CUST0185,2026-06-08,1262.04
937,CUST0101,2026-06-08,3688.43
1607,CUST0180,2026-06-08,1854.91
4988,CUST0588,2026-06-08,3428.61
4341,CUST0498,2026-06-09,1986.07
2878,CUST0334,2026-06-09,3565.28
2406,CUST0286,2026-06-09,4114.2
1021,CUST0110,2026-06-09,2392.2
285,CUST0033,2026-06-09,826.82
4768,CUST0558,2026-06-09,1615.44
3195,CUST0371,2026-06-09,1093.16
1578,CUST0178,2026-06-09,1054.78
3951,CUST0450,2026-06-09,854.92
1017,CUST0110,2026-06-09,1043.99
722,CUST0080,2026-06-09,3088.36
1005,CUST0110,2026-06-09,2549.32
3884,CUST0441,2026-06-09,2445.04
1278,CUST0146,2026-06-09,1830.48
357,CUST0041,2026-06-10,1837.83
4763,CUST0558,2026-06-10,1022.71
4004,CUST0455,2026-06-10,1330.75
2077,CUST0238,2026-06-10,2295.02
4704,CUST0549,2026-06-10,314.12
3321,CUST0378,2026-06-10,2980.48
917,CUST0100,2026-06-10,4135.68
4979,CUST0587,2026-06-10,4858.92
2888,CUST0335,2026-06-10,3639.86
4106,CUST0461,2026-06-10,1506.57
4456,CUST0515,2026-06-11,1357.1
2526,CUST0295,2026-06-11,2912.08
5044,CUST0591,2026-06-11,2458.11
2600,CUST0301,2026-06-11,1130.23
1955,CUST0222,2026-06-11,1328.68
3767,CUST0434,2026-06-11,969.39
2481,CUST0292,2026-06-11,4490.74
4051,CUST0459,2026-06-11,2698.58
2885,CUST0335,2026-06-11,3055.75
3261,CUST0375,2026-06-12,4384.26
3013,CUST0348,2026-06-12,2984.48
596,CUST0069,2026-06-12,1913.19
846,CUST0091,2026-06-12,2437.46
644,CUST0073,2026-06-12,3948.09
4999,CUST0588,2026-06-12,3906.26
657,CUST0073,2026-06-12,3838.3
582,CUST0067,2026-06-12,4707.34
4673,CUST0546,2026-06-12,580.08
332,CUST0038,2026-06-12,3718.92
1528,CUST0172,2026-06-13,1544.21
3175,CUST0370,2026-06-13,959.5
4799,CUST0563,2026-06-13,4800.46
1292,CUST0146,2026-06-13,4046.54
2073,CUST0238,2026-06-13,4268.95
641,CUST0073,2026-06-13,3062.52
2393,CUST0284,2026-06-13,1238.11
1338,CUST0149,2026-06-13,3271.72
1674,CUST0191,2026-06-13,1646.42
1492,CUST0169,2026-06-13,4143.23
3355,CUST0381,2026-06-13,4566.34
3153,CUST0370,2026-06-14,1661.79
4766,CUST0558,2026-06-14,1867.71
507,CUST0059,2026-06-14,2259.8
3287,CUST0375,2026-06-14,4166.8
3992,CUST0455,2026-06-14,3941.28
5018,CUST0589,2026-06-14,3535.54
302,CUST0033,2026-06-14,1075.63
3561,CUST0410,2026-06-15,2432.26
249,CUST0030,2026-06-15,4696.56
2128,CUST0245,2026-06-15,2593.84
87,CUST0011,2026-06-15,4148.64
779,CUST0084,2026-06-16,4438.82
638,CUST0073,2026-06-16,3917.86
3020,CUST0348,2026-06-16,1029.93
1858,CUST0209,2026-06-16,3860.36
1766,CUST0202,2026-06-16,2354.1
934,CUST0101,2026-06-17,4880.44
1697,CUST0191,2026-06-17,2194.28
4821,CUST0564,2026-06-17,3371.1
5021,CUST0589,2026-06-17,2879.72
3174,CUST0370,2026-06-17,3398.06
3836,CUST0437,2026-06-17,1918.23
3862,CUST0440,2026-06-17,949.45
1315,CUST0149,2026-06-18,2272.19
3745,CUST0431,2026-06-18,4132.86
4814,CUST0563,2026-06-18,4031.84
2845,CUST0333,2026-06-18,3835.92
371,CUST0041,2026-06-18,3888.47
4760,CUST0558,2026-06-18,2913.56
93,CUST0011,2026-06-19,4828.11
4478,CUST0516,2026-06-19,3217.18
3681,CUST0425,2026-06-19,2796.25
777,CUST0084,2026-06-19,4315.57
1699,CUST0191,2026-06-19,1142.71
355,CUST0041,2026-06-19,971.17
247,CUST0030,2026-06-19,1042.94
1781,CUST0202,2026-06-20,3524.81
3717,CUST0430,2026-06-20,1045.85
1765,CUST0202,2026-06-20,2707.57
1355,CUST0153,2026-06-20,3446.17
698,CUST0078,2026-06-20,1162.98
5032,CUST0589,2026-06-20,1035.54
3833,CUST0437,2026-06-20,806.63
1956,CUST0223,2026-06-21,3699.36
2212,CUST0260,2026-06-21,1606.21
4971,CUST0587,2026-06-22,1031.91
4978,CUST0587,2026-06-23,4839.0
636,CUST0073,2026-06-23,4965.6
713,CUST0080,2026-06-24,4771.93
49,CUST0007,2026-06-24,3364.6
1677,CUST0191,2026-06-25,3333.41
4204,CUST0473,2026-06-26,3093.41
384,CUST0043,2026-06-26,1560.1
4206,CUST0473,2026-06-26,2603.16
399,CUST0043,2026-06-27,1860.62
2395,CUST0284,2026-06-27,3018.39
